station_id,num_bikes_available,numBikesAvailable,num_docks_available,numDocksAvailable,is_installed,is_returning,is_renting,last_reported,stationCode,YEAR,MONTH,DAY,DAY OF WEEK,DAY OF YEAR,HOUR,MIN
213688169,12,12,23,23,1,1,1,1734287772,16107,24,12,15,7,350,20,13
213688169,12,12,23,23,1,1,1,1734287772,16107,24,12,15,7,350,20,2
213688169,10,10,25,25,1,1,1,1734283935,16107,24,12,15,7,350,20,2
213688169,12,12,23,23,1,1,1,1734287772,16107,24,12,15,7,350,20,2
213688169,12,12,23,23,1,1,1,1734287772,16107,24,12,15,7,350,20,2
213688169,12,12,23,23,1,1,1,1734283935,16107,24,12,15,7,350,20,2
213688169,11,11,24,24,1,1,1,1734283935,16107,24,12,15,7,350,20,2
213688169,10,10,25,25,1,1,1,1734283935,16107,24,12,15,7,350,20,2
213688169,12,12,23,23,1,1,1,1734287772,16107,24,12,15,7,350,20,2
213688169,10,10,25,25,1,1,1,1734283935,16107,24,12,15,7,350,20,2
213688169,11,11,24,24,1,1,1,1734287772,16107,24,12,15,7,350,20,2
213688169,11,11,24,24,1,1,1,1734283935,16107,24,12,15,7,350,20,2
213688169,12,12,23,23,1,1,1,1734283935,16107,24,12,15,7,350,20,2
213688169,12,12,23,23,1,1,1,1734287772,16107,24,12,15,7,350,20,2
213688169,12,12,23,23,1,1,1,1734287772,16107,24,12,15,7,350,20,2
213688169,11,11,24,24,1,1,1,1734283935,16107,24,12,15,7,350,20,2
213688169,11,11,24,24,1,1,1,1734283935,16107,24,12,15,7,350,20,2
213688169,11,11,24,24,1,1,1,1734283935,16107,24,12,15,7,350,20,2
213688169,10,10,25,25,1,1,1,1734283935,16107,24,12,15,7,350,20,2
213688169,11,11,24,24,1,1,1,1734283935,16107,24,12,15,7,350,20,2
213688169,11,11,24,24,1,1,1,1734283935,16107,24,12,15,7,350,20,2
213688169,12,12,23,23,1,1,1,1734287772,16107,24,12,15,7,350,20,2
213688169,12,12,23,23,1,1,1,1734287772,16107,24,12,15,7,350,20,2
213688169,12,12,23,23,1,1,1,1734287772,16107,24,12,15,7,350,20,2
213688169,12,12,23,23,1,1,1,1734287772,16107,24,12,15,7,350,20,2
213688169,11,11,24,24,1,1,1,1734287772,16107,24,12,15,7,350,20,2
213688169,11,11,24,24,1,1,1,1734283935,16107,24,12,15,7,350,20,2
213688169,12,12,23,23,1,1,1,1734283935,16107,24,12,15,7,350,20,2
213688169,11,11,24,24,1,1,1,1734283935,16107,24,12,15,7,350,20,2
213688169,10,10,25,25,1,1,1,1734283935,16107,24,12,15,7,350,20,2
213688169,12,12,23,23,1,1,1,1734287772,16107,24,12,15,7,350,20,2
213688169,11,11,24,24,1,1,1,1734283935,16107,24,12,15,7,350,20,2
213688169,10,10,25,25,1,1,1,1734283935,16107,24,12,15,7,350,20,2
213688169,12,12,23,23,1,1,1,1734287772,16107,24,12,15,7,350,20,2
213688169,10,10,25,25,1,1,1,1734283935,16107,24,12,15,7,350,20,2
213688169,12,12,23,23,1,1,1,1734283935,16107,24,12,15,7,350,20,2
213688169,12,12,23,23,1,1,1,1734287772,16107,24,12,15,7,350,20,2
213688169,12,12,23,23,1,1,1,1734287772,16107,24,12,15,7,350,20,2
213688169,11,11,24,24,1,1,1,1734287772,16107,24,12,15,7,350,20,2
213688169,11,11,24,24,1,1,1,1734283935,16107,24,12,15,7,350,20,2
213688169,12,12,23,23,1,1,1,1734287772,16107,24,12,15,7,350,20,2
213688169,11,11,24,24,1,1,1,1734283935,16107,24,12,15,7,350,20,2
213688169,12,12,23,23,1,1,1,1734287772,16107,24,12,15,7,350,20,2
213688169,12,12,23,23,1,1,1,1734287772,16107,24,12,15,7,350,20,2
213688169,12,12,23,23,1,1,1,1734283935,16107,24,12,15,7,350,20,2
213688169,12,12,23,23,1,1,1,1734287772,16107,24,12,15,7,350,20,2
213688169,11,11,24,24,1,1,1,1734283935,16107,24,12,15,7,350,20,2
213688169,11,11,24,24,1,1,1,1734283935,16107,24,12,15,7,350,20,2
213688169,12,12,23,23,1,1,1,1734287772,16107,24,12,15,7,350,20,2
213688169,11,11,24,24,1,1,1,1734283935,16107,24,12,15,7,350,20,2
213688169,10,10,25,25,1,1,1,1734283935,16107,24,12,15,7,350,20,2
213688169,12,12,23,23,1,1,1,1734287772,16107,24,12,15,7,350,20,2
213688169,12,12,23,23,1,1,1,1734287772,16107,24,12,15,7,350,20,2
213688169,10,10,25,25,1,1,1,1734283935,16107,24,12,15,7,350,20,2
213688169,12,12,23,23,1,1,1,1734287772,16107,24,12,15,7,350,20,2
213688169,12,12,23,23,1,1,1,1734287772,16107,24,12,15,7,350,20,2
213688169,12,12,23,23,1,1,1,1734283935,16107,24,12,15,7,350,20,2
213688169,11,11,24,24,1,1,1,1734283935,16107,24,12,15,7,350,20,2
213688169,10,10,25,25,1,1,1,1734283935,16107,24,12,15,7,350,20,2
213688169,12,12,23,23,1,1,1,1734287772,16107,24,12,15,7,350,20,2
213688169,10,10,25,25,1,1,1,1734283935,16107,24,12,15,7,350,20,2
213688169,11,11,24,24,1,1,1,1734287772,16107,24,12,15,7,350,20,2
213688169,11,11,24,24,1,1,1,1734283935,16107,24,12,15,7,350,20,2
213688169,12,12,23,23,1,1,1,1734283935,16107,24,12,15,7,350,20,2
213688169,12,12,23,23,1,1,1,1734287772,16107,24,12,15,7,350,20,2
213688169,12,12,23,23,1,1,1,1734287772,16107,24,12,15,7,350,20,2
213688169,11,11,24,24,1,1,1,1734283935,16107,24,12,15,7,350,20,2
213688169,11,11,24,24,1,1,1,1734283935,16107,24,12,15,7,350,20,2
213688169,11,11,24,24,1,1,1,1734283935,16107,24,12,15,7,350,20,2
213688169,10,10,25,25,1,1,1,1734283935,16107,24,12,15,7,350,20,2
213688169,11,11,24,24,1,1,1,1734283935,16107,24,12,15,7,350,20,2
213688169,11,11,24,24,1,1,1,1734283935,16107,24,12,15,7,350,20,2
213688169,12,12,23,23,1,1,1,1734287772,16107,24,12,15,7,350,20,2
213688169,12,12,23,23,1,1,1,1734287772,16107,24,12,15,7,350,20,2
213688169,12,12,23,23,1,1,1,1734287772,16107,24,12,15,7,350,20,2
213688169,12,12,23,23,1,1,1,1734287772,16107,24,12,15,7,350,20,2
213688169,11,11,24,24,1,1,1,1734287772,16107,24,12,15,7,350,20,2
213688169,11,11,24,24,1,1,1,1734283935,16107,24,12,15,7,350,20,2
213688169,12,12,23,23,1,1,1,1734283935,16107,24,12,15,7,350,20,2
213688169,11,11,24,24,1,1,1,1734283935,16107,24,12,15,7,350,20,2
213688169,10,10,25,25,1,1,1,1734283935,16107,24,12,15,7,350,20,2
213688169,12,12,23,23,1,1,1,1734287772,16107,24,12,15,7,350,20,2
213688169,11,11,24,24,1,1,1,1734283935,16107,24,12,15,7,350,20,2
213688169,10,10,25,25,1,1,1,1734283935,16107,24,12,15,7,350,20,2
213688169,12,12,23,23,1,1,1,1734287772,16107,24,12,15,7,350,20,2
213688169,10,10,25,25,1,1,1,1734283935,16107,24,12,15,7,350,20,2
213688169,12,12,23,23,1,1,1,1734283935,16107,24,12,15,7,350,20,2
213688169,12,12,23,23,1,1,1,1734287772,16107,24,12,15,7,350,20,2
213688169,12,12,23,23,1,1,1,1734287772,16107,24,12,15,7,350,20,2
213688169,11,11,24,24,1,1,1,1734287772,16107,24,12,15,7,350,20,2
213688169,11,11,24,24,1,1,1,1734283935,16107,24,12,15,7,350,20,2
213688169,12,12,23,23,1,1,1,1734287772,16107,24,12,15,7,350,20,2
213688169,11,11,24,24,1,1,1,1734283935,16107,24,12,15,7,350,20,2
213688169,12,12,23,23,1,1,1,1734287772,16107,24,12,15,7,350,20,2
213688169,12,12,23,23,1,1,1,1734287772,16107,24,12,15,7,350,20,2
213688169,12,12,23,23,1,1,1,1734283935,16107,24,12,15,7,350,20,2
213688169,12,12,23,23,1,1,1,1734287772,16107,24,12,15,7,350,20,2
213688169,11,11,24,24,1,1,1,1734283935,16107,24,12,15,7,350,20,2
213688169,11,11,24,24,1,1,1,1734283935,16107,24,12,15,7,350,20,2
213688169,12,12,23,23,1,1,1,1734287772,16107,24,12,15,7,350,20,2
213688169,11,11,24,24,1,1,1,1734283935,16107,24,12,15,7,350,20,2
213688169,10,10,25,25,1,1,1,1734283935,16107,24,12,15,7,350,20,2
213688169,12,12,23,23,1,1,1,1734287772,16107,24,12,15,7,350,20,2
213688169,12,12,23,23,1,1,1,1734287772,16107,24,12,15,7,350,20,10
213688169,12,12,23,23,1,1,1,1734287772,16107,24,12,15,7,350,20,10
213688169,12,12,23,23,1,1,1,1734287772,16107,24,12,15,7,350,20,10
213688169,12,12,23,23,1,1,1,1734287772,16107,24,12,15,7,350,20,10
213688169,12,12,23,23,1,1,1,1734287772,16107,24,12,15,7,350,20,10
213688169,12,12,23,23,1,1,1,1734287772,16107,24,12,15,7,350,20,10
213688169,12,12,23,23,1,1,1,1734287772,16107,24,12,15,7,350,20,10
213688169,12,12,23,23,1,1,1,1734287772,16107,24,12,15,7,350,20,24
213688169,12,12,23,23,1,1,1,1734287772,16107,24,12,15,7,350,20,25
213688169,12,12,23,23,1,1,1,1734287772,16107,24,12,15,7,350,20,25
213688169,12,12,23,23,1,1,1,1734287772,16107,24,12,15,7,350,20,25
213688169,12,12,23,23,1,1,1,1734287772,16107,24,12,15,7,350,20,25
213688169,12,12,23,23,1,1,1,1734287772,16107,24,12,15,7,350,20,26
213688169,12,12,23,23,1,1,1,1734287772,16107,24,12,15,7,350,20,27
213688169,12,12,23,23,1,1,1,1734287772,16107,24,12,15,7,350,20,28
213688169,12,12,23,23,1,1,1,1734287772,16107,24,12,15,7,350,20,29
213688169,12,12,23,23,1,1,1,1734287772,16107,24,12,15,7,350,20,30
213688169,12,12,23,23,1,1,1,1734287772,16107,24,12,15,7,350,20,31
213688169,12,12,23,23,1,1,1,1734287772,16107,24,12,15,7,350,20,32
213688169,12,12,23,23,1,1,1,1734287772,16107,24,12,15,7,350,20,33
213688169,12,12,23,23,1,1,1,1734287772,16107,24,12,15,7,350,20,34
213688169,12,12,23,23,1,1,1,1734287772,16107,24,12,15,7,350,20,35
213688169,12,12,23,23,1,1,1,1734287772,16107,24,12,15,7,350,20,36
213688169,12,12,23,23,1,1,1,1734287772,16107,24,12,15,7,350,20,37
213688169,12,12,23,23,1,1,1,1734291377,,24,12,15,7,350,20,38
213688169,12,12,23,23,1,1,1,1734291377,16107,24,12,15,7,350,20,39
213688169,12,12,23,23,1,1,1,1734291377,16107,24,12,15,7,350,20,40
213688169,12,12,23,23,1,1,1,1734291377,16107,24,12,15,7,350,20,41
213688169,12,12,23,23,1,1,1,1734291377,16107,24,12,15,7,350,20,42
213688169,12,12,23,23,1,1,1,1734291377,16107,24,12,15,7,350,20,43
213688169,12,12,23,23,1,1,1,1734291377,16107,24,12,15,7,350,20,44
213688169,12,12,23,23,1,1,1,1734291377,16107,24,12,15,7,350,20,45
213688169,12,12,23,23,1,1,1,1734291377,16107,24,12,15,7,350,20,46
213688169,12,12,23,23,1,1,1,1734291377,16107,24,12,15,7,350,20,47
213688169,12,12,23,23,1,1,1,1734291377,16107,24,12,15,7,350,20,48
213688169,11,11,24,24,1,1,1,1734291377,16107,24,12,15,7,350,20,49
213688169,11,11,24,24,1,1,1,1734291377,16107,24,12,15,7,350,20,50
213688169,11,11,24,24,1,1,1,1734291377,16107,24,12,15,7,350,20,51
213688169,11,11,24,24,1,1,1,1734291377,16107,24,12,15,7,350,20,52
213688169,11,11,24,24,1,1,1,1734291377,16107,24,12,15,7,350,20,53
213688169,11,11,24,24,1,1,1,1734291377,16107,24,12,15,7,350,20,54
213688169,11,11,24,24,1,1,1,1734291377,16107,24,12,15,7,350,20,55
213688169,11,11,24,24,1,1,1,1734291377,16107,24,12,15,7,350,20,56
213688169,11,11,24,24,1,1,1,1734291377,16107,24,12,15,7,350,20,57
213688169,11,11,24,24,1,1,1,1734291377,16107,24,12,15,7,350,20,58
213688169,11,11,24,24,1,1,1,1734291377,16107,24,12,15,7,350,20,59
213688169,11,11,24,24,1,1,1,1734291377,16107,24,12,15,7,350,21,0
213688169,11,11,24,24,1,1,1,1734291377,16107,24,12,15,7,350,21,1
213688169,11,11,24,24,1,1,1,1734291377,16107,24,12,15,7,350,21,2
213688169,11,11,24,24,1,1,1,1734291377,16107,24,12,15,7,350,21,3
213688169,11,11,24,24,1,1,1,1734291377,16107,24,12,15,7,350,21,4
213688169,11,11,24,24,1,1,1,1734291377,16107,24,12,15,7,350,21,5
213688169,11,11,24,24,1,1,1,1734291377,16107,24,12,15,7,350,21,6
213688169,11,11,24,24,1,1,1,1734291377,16107,24,12,15,7,350,21,7
213688169,11,11,24,24,1,1,1,1734291377,16107,24,12,15,7,350,21,8
213688169,10,10,25,25,1,1,1,1734291377,16107,24,12,15,7,350,21,9
213688169,10,10,25,25,1,1,1,1734291377,16107,24,12,15,7,350,21,10
213688169,10,10,25,25,1,1,1,1734291377,16107,24,12,15,7,350,21,11
213688169,10,10,25,25,1,1,1,1734291377,16107,24,12,15,7,350,21,12
213688169,10,10,25,25,1,1,1,1734291377,16107,24,12,15,7,350,21,13
213688169,10,10,25,25,1,1,1,1734291377,16107,24,12,15,7,350,21,14
213688169,8,8,27,27,1,1,1,1734291377,16107,24,12,15,7,350,21,16
213688169,8,8,27,27,1,1,1,1734291377,16107,24,12,15,7,350,21,17
213688169,8,8,27,27,1,1,1,1734291377,16107,24,12,15,7,350,21,18
213688169,8,8,27,27,1,1,1,1734291377,16107,24,12,15,7,350,21,19
213688169,8,8,27,27,1,1,1,1734291377,16107,24,12,15,7,350,21,20
213688169,8,8,27,27,1,1,1,1734291377,16107,24,12,15,7,350,21,21
213688169,8,8,27,27,1,1,1,1734291377,16107,24,12,15,7,350,21,22
213688169,8,8,27,27,1,1,1,1734291377,16107,24,12,15,7,350,21,23
213688169,8,8,27,27,1,1,1,1734291377,16107,24,12,15,7,350,21,24
213688169,8,8,27,27,1,1,1,1734291377,16107,24,12,15,7,350,21,25
213688169,8,8,27,27,1,1,1,1734291377,16107,24,12,15,7,350,21,26
213688169,8,8,27,27,1,1,1,1734291377,16107,24,12,15,7,350,21,27
213688169,8,8,27,27,1,1,1,1734291377,16107,24,12,15,7,350,21,28
213688169,8,8,27,27,1,1,1,1734291377,16107,24,12,15,7,350,21,29
213688169,8,8,27,27,1,1,1,1734291377,16107,24,12,15,7,350,21,30
213688169,8,8,27,27,1,1,1,1734291377,16107,24,12,15,7,350,21,31
213688169,7,7,28,28,1,1,1,1734291377,16107,24,12,15,7,350,21,32
213688169,7,7,28,28,1,1,1,1734291377,16107,24,12,15,7,350,21,33
213688169,6,6,29,29,1,1,1,1734291377,16107,24,12,15,7,350,21,34
213688169,6,6,29,29,1,1,1,1734291377,16107,24,12,15,7,350,21,35
213688169,6,6,29,29,1,1,1,1734291377,16107,24,12,15,7,350,21,36
213688169,6,6,29,29,1,1,1,1734291377,16107,24,12,15,7,350,21,37
213688169,6,6,29,29,1,1,1,1734291377,16107,24,12,15,7,350,21,38
213688169,6,6,29,29,1,1,1,1734294986,16107,24,12,15,7,350,21,39
213688169,6,6,29,29,1,1,1,1734294986,16107,24,12,15,7,350,21,40
213688169,6,6,29,29,1,1,1,1734294986,16107,24,12,15,7,350,21,41
213688169,7,7,28,28,1,1,1,1734294986,16107,24,12,15,7,350,21,42
213688169,7,7,28,28,1,1,1,1734294986,16107,24,12,15,7,350,21,43
213688169,7,7,28,28,1,1,1,1734294986,16107,24,12,15,7,350,21,44
213688169,7,7,28,28,1,1,1,1734294986,16107,24,12,15,7,350,21,45
213688169,7,7,28,28,1,1,1,1734294986,16107,24,12,15,7,350,21,46
213688169,7,7,28,28,1,1,1,1734294986,16107,24,12,15,7,350,21,47
213688169,7,7,28,28,1,1,1,1734294986,16107,24,12,15,7,350,21,48
213688169,7,7,28,28,1,1,1,1734294986,16107,24,12,15,7,350,21,49
213688169,7,7,28,28,1,1,1,1734294986,16107,24,12,15,7,350,21,50
213688169,7,7,28,28,1,1,1,1734294986,16107,24,12,15,7,350,21,51
213688169,7,7,28,28,1,1,1,1734294986,16107,24,12,15,7,350,21,52
213688169,7,7,28,28,1,1,1,1734294986,16107,24,12,15,7,350,21,53
213688169,7,7,28,28,1,1,1,1734294986,16107,24,12,15,7,350,21,54
213688169,7,7,28,28,1,1,1,1734294986,16107,24,12,15,7,350,21,55
213688169,7,7,28,28,1,1,1,1734294986,16107,24,12,15,7,350,21,56
213688169,7,7,28,28,1,1,1,1734294986,16107,24,12,15,7,350,21,57
213688169,7,7,28,28,1,1,1,1734294986,16107,24,12,15,7,350,21,58
213688169,7,7,28,28,1,1,1,1734294986,16107,24,12,15,7,350,21,59
213688169,7,7,28,28,1,1,1,1734294986,16107,24,12,15,7,350,22,0
213688169,7,7,28,28,1,1,1,1734294986,16107,24,12,15,7,350,22,1
213688169,6,6,29,29,1,1,1,1734294986,16107,24,12,15,7,350,22,2
213688169,6,6,29,29,1,1,1,1734294986,16107,24,12,15,7,350,22,3
213688169,6,6,29,29,1,1,1,1734294986,16107,24,12,15,7,350,22,4
213688169,6,6,29,29,1,1,1,1734294986,16107,24,12,15,7,350,22,5
213688169,6,6,29,29,1,1,1,1734294986,16107,24,12,15,7,350,22,6
213688169,6,6,29,29,1,1,1,1734294986,16107,24,12,15,7,350,22,7
213688169,6,6,29,29,1,1,1,1734294986,16107,24,12,15,7,350,22,8
213688169,6,6,29,29,1,1,1,1734294986,16107,24,12,15,7,350,22,9
213688169,6,6,29,29,1,1,1,1734294986,16107,24,12,15,7,350,22,10
213688169,6,6,29,29,1,1,1,1734294986,16107,24,12,15,7,350,22,11
213688169,6,6,29,29,1,1,1,1734294986,16107,24,12,15,7,350,22,12
213688169,6,6,29,29,1,1,1,1734294986,16107,24,12,15,7,350,22,13
213688169,6,6,29,29,1,1,1,1734294986,16107,24,12,15,7,350,22,14
213688169,6,6,29,29,1,1,1,1734294986,16107,24,12,15,7,350,22,15
213688169,6,6,29,29,1,1,1,1734294986,16107,24,12,15,7,350,22,16
213688169,6,6,29,29,1,1,1,1734294986,16107,24,12,15,7,350,22,17
213688169,6,6,29,29,1,1,1,1734294986,16107,24,12,15,7,350,22,18
213688169,6,6,29,29,1,1,1,1734294986,16107,24,12,15,7,350,22,19
213688169,6,6,29,29,1,1,1,1734294986,16107,24,12,15,7,350,22,20
213688169,6,6,29,29,1,1,1,1734294986,16107,24,12,15,7,350,22,21
213688169,6,6,29,29,1,1,1,1734294986,16107,24,12,15,7,350,22,22
213688169,6,6,29,29,1,1,1,1734294986,16107,24,12,15,7,350,22,23
213688169,6,6,29,29,1,1,1,1734294986,16107,24,12,15,7,350,22,24
213688169,6,6,29,29,1,1,1,1734294986,16107,24,12,15,7,350,22,25
213688169,6,6,29,29,1,1,1,1734294986,16107,24,12,15,7,350,22,26
213688169,6,6,29,29,1,1,1,1734294986,16107,24,12,15,7,350,22,27
213688169,6,6,29,29,1,1,1,1734294986,16107,24,12,15,7,350,22,28
213688169,6,6,29,29,1,1,1,1734294986,16107,24,12,15,7,350,22,29
213688169,6,6,29,29,1,1,1,1734294986,16107,24,12,15,7,350,22,30
213688169,6,6,29,29,1,1,1,1734294986,16107,24,12,15,7,350,22,31
213688169,6,6,29,29,1,1,1,1734294986,16107,24,12,15,7,350,22,32
213688169,6,6,29,29,1,1,1,1734294986,16107,24,12,15,7,350,22,33
213688169,6,6,29,29,1,1,1,1734294986,16107,24,12,15,7,350,22,34
213688169,6,6,29,29,1,1,1,1734294986,16107,24,12,15,7,350,22,35
213688169,6,6,29,29,1,1,1,1734294986,16107,24,12,15,7,350,22,36
213688169,6,6,29,29,1,1,1,1734294986,16107,24,12,15,7,350,22,37
213688169,6,6,29,29,1,1,1,1734298443,,24,12,15,7,350,22,38
213688169,6,6,29,29,1,1,1,1734298443,16107,24,12,15,7,350,22,39
213688169,6,6,29,29,1,1,1,1734298443,16107,24,12,15,7,350,22,40
213688169,6,6,29,29,1,1,1,1734298443,16107,24,12,15,7,350,22,41
213688169,6,6,29,29,1,1,1,1734298443,16107,24,12,15,7,350,22,42
213688169,6,6,29,29,1,1,1,1734298443,16107,24,12,15,7,350,22,43
213688169,6,6,29,29,1,1,1,1734298443,16107,24,12,15,7,350,22,44
213688169,6,6,29,29,1,1,1,1734298443,16107,24,12,15,7,350,22,45
213688169,6,6,29,29,1,1,1,1734298443,16107,24,12,15,7,350,22,46
213688169,6,6,29,29,1,1,1,1734298443,16107,24,12,15,7,350,22,47
213688169,6,6,29,29,1,1,1,1734298443,16107,24,12,15,7,350,22,48
213688169,6,6,29,29,1,1,1,1734298443,16107,24,12,15,7,350,22,49
213688169,6,6,29,29,1,1,1,1734298443,16107,24,12,15,7,350,22,50
213688169,6,6,29,29,1,1,1,1734298443,16107,24,12,15,7,350,22,51
213688169,6,6,29,29,1,1,1,1734298443,16107,24,12,15,7,350,22,52
213688169,6,6,29,29,1,1,1,1734298443,16107,24,12,15,7,350,22,53
213688169,7,7,28,28,1,1,1,1734298443,16107,24,12,15,7,350,22,54
213688169,7,7,28,28,1,1,1,1734298443,16107,24,12,15,7,350,22,55
213688169,7,7,28,28,1,1,1,1734298443,16107,24,12,15,7,350,22,56
213688169,7,7,28,28,1,1,1,1734298443,16107,24,12,15,7,350,22,57
213688169,7,7,28,28,1,1,1,1734298443,16107,24,12,15,7,350,22,58
213688169,7,7,28,28,1,1,1,1734298443,16107,24,12,15,7,350,22,59
213688169,7,7,28,28,1,1,1,1734298443,16107,24,12,15,7,350,23,0
213688169,7,7,28,28,1,1,1,1734298443,16107,24,12,15,7,350,23,1
213688169,7,7,28,28,1,1,1,1734298443,16107,24,12,15,7,350,23,2
213688169,7,7,28,28,1,1,1,1734298443,16107,24,12,15,7,350,23,3
213688169,7,7,28,28,1,1,1,1734298443,16107,24,12,15,7,350,23,4
213688169,7,7,28,28,1,1,1,1734298443,16107,24,12,15,7,350,23,5
213688169,7,7,28,28,1,1,1,1734298443,16107,24,12,15,7,350,23,6
213688169,7,7,28,28,1,1,1,1734298443,16107,24,12,15,7,350,23,7
213688169,7,7,28,28,1,1,1,1734298443,16107,24,12,15,7,350,23,8
213688169,7,7,28,28,1,1,1,1734298443,16107,24,12,15,7,350,23,9
213688169,7,7,28,28,1,1,1,1734298443,16107,24,12,15,7,350,23,10
213688169,7,7,28,28,1,1,1,1734298443,16107,24,12,15,7,350,23,11
213688169,7,7,28,28,1,1,1,1734298443,16107,24,12,15,7,350,23,12
213688169,7,7,28,28,1,1,1,1734298443,16107,24,12,15,7,350,23,13
213688169,7,7,28,28,1,1,1,1734298443,16107,24,12,15,7,350,23,14
213688169,7,7,28,28,1,1,1,1734298443,16107,24,12,15,7,350,23,15
213688169,7,7,28,28,1,1,1,1734298443,16107,24,12,15,7,350,23,16
213688169,7,7,28,28,1,1,1,1734298443,16107,24,12,15,7,350,23,17
213688169,7,7,28,28,1,1,1,1734298443,16107,24,12,15,7,350,23,18
213688169,7,7,28,28,1,1,1,1734298443,16107,24,12,15,7,350,23,19
213688169,7,7,28,28,1,1,1,1734298443,16107,24,12,15,7,350,23,20
213688169,7,7,28,28,1,1,1,1734298443,16107,24,12,15,7,350,23,21
213688169,7,7,28,28,1,1,1,1734298443,16107,24,12,15,7,350,23,22
213688169,7,7,28,28,1,1,1,1734298443,16107,24,12,15,7,350,23,23
213688169,7,7,28,28,1,1,1,1734298443,16107,24,12,15,7,350,23,24
213688169,7,7,28,28,1,1,1,1734298443,16107,24,12,15,7,350,23,25
213688169,7,7,28,28,1,1,1,1734298443,16107,24,12,15,7,350,23,26
213688169,7,7,28,28,1,1,1,1734298443,16107,24,12,15,7,350,23,27
213688169,7,7,28,28,1,1,1,1734298443,16107,24,12,15,7,350,23,28
213688169,7,7,28,28,1,1,1,1734298443,16107,24,12,15,7,350,23,29
213688169,7,7,28,28,1,1,1,1734298443,16107,24,12,15,7,350,23,30
213688169,7,7,28,28,1,1,1,1734298443,16107,24,12,15,7,350,23,31
213688169,7,7,28,28,1,1,1,1734298443,16107,24,12,15,7,350,23,32
213688169,7,7,28,28,1,1,1,1734298443,16107,24,12,15,7,350,23,33
213688169,7,7,28,28,1,1,1,1734298443,16107,24,12,15,7,350,23,34
213688169,7,7,28,28,1,1,1,1734298443,16107,24,12,15,7,350,23,35
213688169,7,7,28,28,1,1,1,1734298443,16107,24,12,15,7,350,23,36
213688169,7,7,28,28,1,1,1,1734298443,16107,24,12,15,7,350,23,37
213688169,7,7,28,28,1,1,1,1734298443,16107,24,12,15,7,350,23,38
213688169,7,7,28,28,1,1,1,1734302207,16107,24,12,15,7,350,23,39
213688169,7,7,28,28,1,1,1,1734302207,16107,24,12,15,7,350,23,40
213688169,7,7,28,28,1,1,1,1734302207,16107,24,12,15,7,350,23,41
213688169,7,7,28,28,1,1,1,1734302207,16107,24,12,15,7,350,23,42
213688169,7,7,28,28,1,1,1,1734302207,16107,24,12,15,7,350,23,43
213688169,7,7,28,28,1,1,1,1734302207,16107,24,12,15,7,350,23,44
213688169,7,7,28,28,1,1,1,1734302207,16107,24,12,15,7,350,23,45
213688169,7,7,28,28,1,1,1,1734302207,16107,24,12,15,7,350,23,46
213688169,7,7,28,28,1,1,1,1734302207,16107,24,12,15,7,350,23,47
213688169,7,7,28,28,1,1,1,1734302207,16107,24,12,15,7,350,23,48
213688169,7,7,28,28,1,1,1,1734302207,16107,24,12,15,7,350,23,49
213688169,7,7,28,28,1,1,1,1734302207,16107,24,12,15,7,350,23,50
213688169,7,7,28,28,1,1,1,1734302207,16107,24,12,15,7,350,23,51
213688169,7,7,28,28,1,1,1,1734302207,16107,24,12,15,7,350,23,52
213688169,7,7,28,28,1,1,1,1734302207,16107,24,12,15,7,350,23,53
213688169,7,7,28,28,1,1,1,1734302207,16107,24,12,15,7,350,23,54
213688169,7,7,28,28,1,1,1,1734302207,16107,24,12,15,7,350,23,55
213688169,7,7,28,28,1,1,1,1734302207,16107,24,12,15,7,350,23,56
213688169,7,7,28,28,1,1,1,1734302207,16107,24,12,15,7,350,23,57
213688169,7,7,28,28,1,1,1,1734302207,16107,24,12,15,7,350,23,58
213688169,7,7,28,28,1,1,1,1734302207,16107,24,12,15,7,350,23,59
213688169,7,7,28,28,1,1,1,1734302207,16107,24,12,16,1,351,0,0
213688169,7,7,28,28,1,1,1,1734302207,16107,24,12,16,1,351,0,1
213688169,7,7,28,28,1,1,1,1734302207,16107,24,12,16,1,351,0,2
213688169,7,7,28,28,1,1,1,1734302207,16107,24,12,16,1,351,0,3
213688169,7,7,28,28,1,1,1,1734302207,16107,24,12,16,1,351,0,4
213688169,7,7,28,28,1,1,1,1734302207,16107,24,12,16,1,351,0,5
213688169,7,7,28,28,1,1,1,1734302207,16107,24,12,16,1,351,0,6
213688169,7,7,28,28,1,1,1,1734302207,16107,24,12,16,1,351,0,7
213688169,7,7,28,28,1,1,1,1734302207,16107,24,12,16,1,351,0,8
213688169,7,7,28,28,1,1,1,1734302207,16107,24,12,16,1,351,0,9
213688169,7,7,28,28,1,1,1,1734302207,16107,24,12,16,1,351,0,10
213688169,7,7,28,28,1,1,1,1734302207,16107,24,12,16,1,351,0,11
213688169,7,7,28,28,1,1,1,1734302207,16107,24,12,16,1,351,0,12
213688169,7,7,28,28,1,1,1,1734302207,16107,24,12,16,1,351,0,13
213688169,7,7,28,28,1,1,1,1734302207,16107,24,12,16,1,351,0,14
213688169,7,7,28,28,1,1,1,1734302207,16107,24,12,16,1,351,0,15
213688169,7,7,28,28,1,1,1,1734302207,16107,24,12,16,1,351,0,16
213688169,7,7,28,28,1,1,1,1734302207,16107,24,12,16,1,351,0,17
213688169,7,7,28,28,1,1,1,1734302207,16107,24,12,16,1,351,0,18
213688169,7,7,28,28,1,1,1,1734302207,16107,24,12,16,1,351,0,19
213688169,7,7,28,28,1,1,1,1734302207,16107,24,12,16,1,351,0,20
213688169,7,7,28,28,1,1,1,1734302207,16107,24,12,16,1,351,0,21
213688169,7,7,28,28,1,1,1,1734302207,16107,24,12,16,1,351,0,22
213688169,7,7,28,28,1,1,1,1734302207,16107,24,12,16,1,351,0,23
213688169,7,7,28,28,1,1,1,1734302207,16107,24,12,16,1,351,0,24
213688169,7,7,28,28,1,1,1,1734302207,16107,24,12,16,1,351,0,25
213688169,7,7,28,28,1,1,1,1734302207,16107,24,12,16,1,351,0,26
213688169,7,7,28,28,1,1,1,1734302207,16107,24,12,16,1,351,0,27
213688169,7,7,28,28,1,1,1,1734302207,16107,24,12,16,1,351,0,28
213688169,7,7,28,28,1,1,1,1734302207,16107,24,12,16,1,351,0,29
213688169,7,7,28,28,1,1,1,1734302207,16107,24,12,16,1,351,0,30
213688169,7,7,28,28,1,1,1,1734302207,16107,24,12,16,1,351,0,31
213688169,7,7,28,28,1,1,1,1734302207,16107,24,12,16,1,351,0,32
213688169,7,7,28,28,1,1,1,1734302207,16107,24,12,16,1,351,0,33
213688169,7,7,28,28,1,1,1,1734302207,16107,24,12,16,1,351,0,34
213688169,7,7,28,28,1,1,1,1734302207,16107,24,12,16,1,351,0,35
213688169,7,7,28,28,1,1,1,1734302207,16107,24,12,16,1,351,0,36
213688169,7,7,28,28,1,1,1,1734302207,16107,24,12,16,1,351,0,37
213688169,7,7,28,28,1,1,1,1734305816,,24,12,16,1,351,0,38
213688169,7,7,28,28,1,1,1,1734305816,16107,24,12,16,1,351,0,39
213688169,7,7,28,28,1,1,1,1734305816,16107,24,12,16,1,351,0,40
213688169,7,7,28,28,1,1,1,1734305816,16107,24,12,16,1,351,0,41
213688169,7,7,28,28,1,1,1,1734305816,16107,24,12,16,1,351,0,42
213688169,7,7,28,28,1,1,1,1734305816,16107,24,12,16,1,351,0,43
213688169,7,7,28,28,1,1,1,1734305816,16107,24,12,16,1,351,0,44
213688169,7,7,28,28,1,1,1,1734305816,16107,24,12,16,1,351,0,45
213688169,7,7,28,28,1,1,1,1734305816,16107,24,12,16,1,351,0,46
213688169,7,7,28,28,1,1,1,1734305816,16107,24,12,16,1,351,0,47
213688169,7,7,28,28,1,1,1,1734305816,16107,24,12,16,1,351,0,48
213688169,7,7,28,28,1,1,1,1734305816,16107,24,12,16,1,351,0,49
213688169,7,7,28,28,1,1,1,1734305816,16107,24,12,16,1,351,0,50
213688169,9,9,26,26,1,1,1,1734305816,16107,24,12,16,1,351,0,51
213688169,9,9,26,26,1,1,1,1734305816,16107,24,12,16,1,351,0,52
213688169,9,9,26,26,1,1,1,1734305816,16107,24,12,16,1,351,0,53
213688169,9,9,26,26,1,1,1,1734305816,16107,24,12,16,1,351,0,54
213688169,9,9,26,26,1,1,1,1734305816,16107,24,12,16,1,351,0,55
213688169,9,9,26,26,1,1,1,1734305816,16107,24,12,16,1,351,0,56
213688169,9,9,26,26,1,1,1,1734305816,16107,24,12,16,1,351,0,57
213688169,9,9,26,26,1,1,1,1734305816,16107,24,12,16,1,351,0,58
213688169,9,9,26,26,1,1,1,1734305816,16107,24,12,16,1,351,0,59
213688169,9,9,26,26,1,1,1,1734305816,16107,24,12,16,1,351,1,0
213688169,9,9,26,26,1,1,1,1734305816,16107,24,12,16,1,351,1,1
213688169,9,9,26,26,1,1,1,1734305816,16107,24,12,16,1,351,1,2
213688169,9,9,26,26,1,1,1,1734305816,16107,24,12,16,1,351,1,3
213688169,9,9,26,26,1,1,1,1734305816,16107,24,12,16,1,351,1,4
213688169,9,9,26,26,1,1,1,1734305816,16107,24,12,16,1,351,1,5
213688169,9,9,26,26,1,1,1,1734305816,16107,24,12,16,1,351,1,6
213688169,9,9,26,26,1,1,1,1734305816,16107,24,12,16,1,351,1,7
213688169,9,9,26,26,1,1,1,1734305816,16107,24,12,16,1,351,1,8
213688169,9,9,26,26,1,1,1,1734305816,16107,24,12,16,1,351,1,9
213688169,9,9,26,26,1,1,1,1734305816,16107,24,12,16,1,351,1,10
213688169,9,9,26,26,1,1,1,1734305816,16107,24,12,16,1,351,1,11
213688169,9,9,26,26,1,1,1,1734305816,16107,24,12,16,1,351,1,12
213688169,9,9,26,26,1,1,1,1734305816,16107,24,12,16,1,351,1,13
213688169,9,9,26,26,1,1,1,1734305816,16107,24,12,16,1,351,1,14
213688169,9,9,26,26,1,1,1,1734305816,16107,24,12,16,1,351,1,15
213688169,9,9,26,26,1,1,1,1734305816,16107,24,12,16,1,351,1,16
213688169,9,9,26,26,1,1,1,1734305816,16107,24,12,16,1,351,1,17
213688169,9,9,26,26,1,1,1,1734305816,16107,24,12,16,1,351,1,18
213688169,9,9,26,26,1,1,1,1734305816,16107,24,12,16,1,351,1,19
213688169,9,9,26,26,1,1,1,1734305816,16107,24,12,16,1,351,1,20
213688169,9,9,26,26,1,1,1,1734305816,16107,24,12,16,1,351,1,21
213688169,9,9,26,26,1,1,1,1734305816,16107,24,12,16,1,351,1,22
213688169,9,9,26,26,1,1,1,1734305816,16107,24,12,16,1,351,1,23
213688169,9,9,26,26,1,1,1,1734305816,16107,24,12,16,1,351,1,24
213688169,9,9,26,26,1,1,1,1734305816,16107,24,12,16,1,351,1,25
213688169,9,9,26,26,1,1,1,1734305816,16107,24,12,16,1,351,1,26
213688169,9,9,26,26,1,1,1,1734305816,16107,24,12,16,1,351,1,27
213688169,9,9,26,26,1,1,1,1734305816,16107,24,12,16,1,351,1,28
213688169,9,9,26,26,1,1,1,1734305816,16107,24,12,16,1,351,1,29
213688169,9,9,26,26,1,1,1,1734305816,16107,24,12,16,1,351,1,30
213688169,9,9,26,26,1,1,1,1734305816,16107,24,12,16,1,351,1,31
213688169,9,9,26,26,1,1,1,1734305816,16107,24,12,16,1,351,1,32
213688169,9,9,26,26,1,1,1,1734305816,16107,24,12,16,1,351,1,33
213688169,9,9,26,26,1,1,1,1734305816,16107,24,12,16,1,351,1,34
213688169,9,9,26,26,1,1,1,1734305816,16107,24,12,16,1,351,1,35
213688169,9,9,26,26,1,1,1,1734305816,16107,24,12,16,1,351,1,36
213688169,9,9,26,26,1,1,1,1734305816,16107,24,12,16,1,351,1,37
213688169,9,9,26,26,1,1,1,1734305816,16107,24,12,16,1,351,1,38
213688169,9,9,26,26,1,1,1,1734309424,16107,24,12,16,1,351,1,39
213688169,9,9,26,26,1,1,1,1734309424,16107,24,12,16,1,351,1,40
213688169,9,9,26,26,1,1,1,1734309424,16107,24,12,16,1,351,1,41
213688169,9,9,26,26,1,1,1,1734309424,16107,24,12,16,1,351,1,42
213688169,9,9,26,26,1,1,1,1734309424,16107,24,12,16,1,351,1,43
213688169,9,9,26,26,1,1,1,1734309424,16107,24,12,16,1,351,1,44
213688169,9,9,26,26,1,1,1,1734309424,16107,24,12,16,1,351,1,45
213688169,9,9,26,26,1,1,1,1734309424,16107,24,12,16,1,351,1,46
213688169,9,9,26,26,1,1,1,1734309424,16107,24,12,16,1,351,1,47
213688169,9,9,26,26,1,1,1,1734309424,16107,24,12,16,1,351,1,48
213688169,9,9,26,26,1,1,1,1734309424,16107,24,12,16,1,351,1,49
213688169,9,9,26,26,1,1,1,1734309424,16107,24,12,16,1,351,1,50
213688169,9,9,26,26,1,1,1,1734309424,16107,24,12,16,1,351,1,51
213688169,9,9,26,26,1,1,1,1734309424,16107,24,12,16,1,351,1,52
213688169,9,9,26,26,1,1,1,1734309424,16107,24,12,16,1,351,1,53
213688169,9,9,26,26,1,1,1,1734309424,16107,24,12,16,1,351,1,54
213688169,9,9,26,26,1,1,1,1734309424,16107,24,12,16,1,351,1,55
213688169,9,9,26,26,1,1,1,1734309424,16107,24,12,16,1,351,1,56
213688169,9,9,26,26,1,1,1,1734309424,16107,24,12,16,1,351,1,57
213688169,9,9,26,26,1,1,1,1734309424,16107,24,12,16,1,351,1,58
213688169,9,9,26,26,1,1,1,1734309424,16107,24,12,16,1,351,1,59
213688169,9,9,26,26,1,1,1,1734309424,16107,24,12,16,1,351,2,0
213688169,9,9,26,26,1,1,1,1734309424,16107,24,12,16,1,351,2,1
213688169,9,9,26,26,1,1,1,1734309424,16107,24,12,16,1,351,2,2
213688169,9,9,26,26,1,1,1,1734309424,16107,24,12,16,1,351,2,3
213688169,9,9,26,26,1,1,1,1734309424,16107,24,12,16,1,351,2,4
213688169,9,9,26,26,1,1,1,1734309424,16107,24,12,16,1,351,2,5
213688169,9,9,26,26,1,1,1,1734309424,16107,24,12,16,1,351,2,6
213688169,9,9,26,26,1,1,1,1734309424,16107,24,12,16,1,351,2,7
213688169,9,9,26,26,1,1,1,1734309424,16107,24,12,16,1,351,2,8
213688169,9,9,26,26,1,1,1,1734309424,16107,24,12,16,1,351,2,9
213688169,9,9,26,26,1,1,1,1734309424,16107,24,12,16,1,351,2,10
213688169,9,9,26,26,1,1,1,1734309424,16107,24,12,16,1,351,2,11
213688169,9,9,26,26,1,1,1,1734309424,16107,24,12,16,1,351,2,12
213688169,9,9,26,26,1,1,1,1734309424,16107,24,12,16,1,351,2,13
213688169,9,9,26,26,1,1,1,1734309424,16107,24,12,16,1,351,2,14
213688169,10,10,25,25,1,1,1,1734309424,16107,24,12,16,1,351,2,15
213688169,10,10,25,25,1,1,1,1734309424,16107,24,12,16,1,351,2,16
213688169,10,10,25,25,1,1,1,1734309424,16107,24,12,16,1,351,2,17
213688169,10,10,25,25,1,1,1,1734309424,16107,24,12,16,1,351,2,18
213688169,10,10,25,25,1,1,1,1734309424,16107,24,12,16,1,351,2,19
213688169,10,10,25,25,1,1,1,1734309424,16107,24,12,16,1,351,2,20
213688169,10,10,25,25,1,1,1,1734309424,16107,24,12,16,1,351,2,21
213688169,10,10,25,25,1,1,1,1734309424,16107,24,12,16,1,351,2,22
213688169,10,10,25,25,1,1,1,1734309424,16107,24,12,16,1,351,2,23
213688169,10,10,25,25,1,1,1,1734309424,16107,24,12,16,1,351,2,24
213688169,10,10,25,25,1,1,1,1734309424,16107,24,12,16,1,351,2,25
213688169,10,10,25,25,1,1,1,1734309424,16107,24,12,16,1,351,2,26
213688169,10,10,25,25,1,1,1,1734309424,16107,24,12,16,1,351,2,27
213688169,10,10,25,25,1,1,1,1734309424,16107,24,12,16,1,351,2,28
213688169,10,10,25,25,1,1,1,1734309424,16107,24,12,16,1,351,2,29
213688169,10,10,25,25,1,1,1,1734309424,16107,24,12,16,1,351,2,30
213688169,10,10,25,25,1,1,1,1734309424,16107,24,12,16,1,351,2,31
213688169,10,10,25,25,1,1,1,1734309424,16107,24,12,16,1,351,2,32
213688169,10,10,25,25,1,1,1,1734309424,16107,24,12,16,1,351,2,34
213688169,10,10,25,25,1,1,1,1734309424,16107,24,12,16,1,351,2,35
213688169,10,10,25,25,1,1,1,1734309424,16107,24,12,16,1,351,2,36
213688169,10,10,25,25,1,1,1,1734309424,16107,24,12,16,1,351,2,37
213688169,10,10,25,25,1,1,1,1734309424,16107,24,12,16,1,351,2,38
213688169,10,10,25,25,1,1,1,1734313033,,24,12,16,1,351,2,39
213688169,10,10,25,25,1,1,1,1734313033,16107,24,12,16,1,351,2,40
213688169,10,10,25,25,1,1,1,1734313033,16107,24,12,16,1,351,2,41
213688169,10,10,25,25,1,1,1,1734313033,16107,24,12,16,1,351,2,42
213688169,10,10,25,25,1,1,1,1734313033,16107,24,12,16,1,351,2,43
213688169,10,10,25,25,1,1,1,1734313033,16107,24,12,16,1,351,2,44
213688169,10,10,25,25,1,1,1,1734313033,16107,24,12,16,1,351,2,45
213688169,10,10,25,25,1,1,1,1734313033,16107,24,12,16,1,351,2,46
213688169,10,10,25,25,1,1,1,1734313033,16107,24,12,16,1,351,2,47
213688169,10,10,25,25,1,1,1,1734313033,16107,24,12,16,1,351,2,48
213688169,10,10,25,25,1,1,1,1734313033,16107,24,12,16,1,351,2,49
213688169,10,10,25,25,1,1,1,1734313033,16107,24,12,16,1,351,2,50
213688169,10,10,25,25,1,1,1,1734313033,16107,24,12,16,1,351,2,51
213688169,10,10,25,25,1,1,1,1734313033,16107,24,12,16,1,351,2,52
213688169,10,10,25,25,1,1,1,1734313033,16107,24,12,16,1,351,2,53
213688169,10,10,25,25,1,1,1,1734313033,16107,24,12,16,1,351,2,54
213688169,10,10,25,25,1,1,1,1734313033,16107,24,12,16,1,351,2,55
213688169,10,10,25,25,1,1,1,1734313033,16107,24,12,16,1,351,2,56
213688169,10,10,25,25,1,1,1,1734313033,16107,24,12,16,1,351,2,57
213688169,10,10,25,25,1,1,1,1734313033,16107,24,12,16,1,351,2,58
213688169,10,10,25,25,1,1,1,1734313033,16107,24,12,16,1,351,2,59
213688169,10,10,25,25,1,1,1,1734313033,16107,24,12,16,1,351,3,0
213688169,10,10,25,25,1,1,1,1734313033,16107,24,12,16,1,351,3,1
213688169,10,10,25,25,1,1,1,1734313033,16107,24,12,16,1,351,3,2
213688169,10,10,25,25,1,1,1,1734313033,16107,24,12,16,1,351,3,3
213688169,10,10,25,25,1,1,1,1734313033,16107,24,12,16,1,351,3,4
213688169,10,10,25,25,1,1,1,1734313033,16107,24,12,16,1,351,3,5
213688169,10,10,25,25,1,1,1,1734313033,16107,24,12,16,1,351,3,6
213688169,10,10,25,25,1,1,1,1734313033,16107,24,12,16,1,351,3,7
213688169,10,10,25,25,1,1,1,1734313033,16107,24,12,16,1,351,3,8
213688169,10,10,25,25,1,1,1,1734313033,16107,24,12,16,1,351,3,9
213688169,10,10,25,25,1,1,1,1734313033,16107,24,12,16,1,351,3,10
213688169,10,10,25,25,1,1,1,1734313033,16107,24,12,16,1,351,3,11
213688169,10,10,25,25,1,1,1,1734313033,16107,24,12,16,1,351,3,12
213688169,10,10,25,25,1,1,1,1734313033,16107,24,12,16,1,351,3,13
213688169,10,10,25,25,1,1,1,1734313033,16107,24,12,16,1,351,3,14
213688169,10,10,25,25,1,1,1,1734313033,16107,24,12,16,1,351,3,15
213688169,10,10,25,25,1,1,1,1734313033,16107,24,12,16,1,351,3,16
213688169,10,10,25,25,1,1,1,1734313033,16107,24,12,16,1,351,3,17
213688169,10,10,25,25,1,1,1,1734313033,16107,24,12,16,1,351,3,18
213688169,10,10,25,25,1,1,1,1734313033,16107,24,12,16,1,351,3,19
213688169,10,10,25,25,1,1,1,1734313033,16107,24,12,16,1,351,3,20
213688169,10,10,25,25,1,1,1,1734313033,16107,24,12,16,1,351,3,21
213688169,10,10,25,25,1,1,1,1734313033,16107,24,12,16,1,351,3,22
213688169,10,10,25,25,1,1,1,1734313033,16107,24,12,16,1,351,3,23
213688169,10,10,25,25,1,1,1,1734313033,16107,24,12,16,1,351,3,24
213688169,10,10,25,25,1,1,1,1734313033,16107,24,12,16,1,351,3,25
213688169,10,10,25,25,1,1,1,1734313033,16107,24,12,16,1,351,3,26
213688169,10,10,25,25,1,1,1,1734313033,16107,24,12,16,1,351,3,27
213688169,10,10,25,25,1,1,1,1734313033,16107,24,12,16,1,351,3,28
213688169,10,10,25,25,1,1,1,1734313033,16107,24,12,16,1,351,3,29
213688169,10,10,25,25,1,1,1,1734313033,16107,24,12,16,1,351,3,30
213688169,10,10,25,25,1,1,1,1734313033,16107,24,12,16,1,351,3,31
213688169,10,10,25,25,1,1,1,1734313033,16107,24,12,16,1,351,3,32
213688169,10,10,25,25,1,1,1,1734313033,16107,24,12,16,1,351,3,33
213688169,10,10,25,25,1,1,1,1734313033,16107,24,12,16,1,351,3,34
213688169,10,10,25,25,1,1,1,1734313033,16107,24,12,16,1,351,3,35
213688169,10,10,25,25,1,1,1,1734313033,16107,24,12,16,1,351,3,36
213688169,10,10,25,25,1,1,1,1734313033,16107,24,12,16,1,351,3,37
213688169,10,10,25,25,1,1,1,1734313033,16107,24,12,16,1,351,3,38
213688169,10,10,25,25,1,1,1,1734316642,,24,12,16,1,351,3,39
213688169,10,10,25,25,1,1,1,1734316642,16107,24,12,16,1,351,3,40
213688169,10,10,25,25,1,1,1,1734316642,16107,24,12,16,1,351,3,41
213688169,10,10,25,25,1,1,1,1734316642,16107,24,12,16,1,351,3,42
213688169,10,10,25,25,1,1,1,1734316642,16107,24,12,16,1,351,3,43
213688169,10,10,25,25,1,1,1,1734316642,16107,24,12,16,1,351,3,44
213688169,10,10,25,25,1,1,1,1734316642,16107,24,12,16,1,351,3,45
213688169,10,10,25,25,1,1,1,1734316642,16107,24,12,16,1,351,3,46
213688169,10,10,25,25,1,1,1,1734316642,16107,24,12,16,1,351,3,47
213688169,10,10,25,25,1,1,1,1734316642,16107,24,12,16,1,351,3,48
213688169,10,10,25,25,1,1,1,1734316642,16107,24,12,16,1,351,3,49
213688169,10,10,25,25,1,1,1,1734316642,16107,24,12,16,1,351,3,50
213688169,10,10,25,25,1,1,1,1734316642,16107,24,12,16,1,351,3,51
213688169,10,10,25,25,1,1,1,1734316642,16107,24,12,16,1,351,3,52
213688169,10,10,25,25,1,1,1,1734316642,16107,24,12,16,1,351,3,53
213688169,10,10,25,25,1,1,1,1734316642,16107,24,12,16,1,351,3,54
213688169,10,10,25,25,1,1,1,1734316642,16107,24,12,16,1,351,3,55
213688169,10,10,25,25,1,1,1,1734316642,16107,24,12,16,1,351,3,56
213688169,10,10,25,25,1,1,1,1734316642,16107,24,12,16,1,351,3,57
213688169,10,10,25,25,1,1,1,1734316642,16107,24,12,16,1,351,3,58
213688169,10,10,25,25,1,1,1,1734316642,16107,24,12,16,1,351,3,59
213688169,10,10,25,25,1,1,1,1734316642,16107,24,12,16,1,351,4,0
213688169,10,10,25,25,1,1,1,1734316642,16107,24,12,16,1,351,4,1
213688169,10,10,25,25,1,1,1,1734316642,16107,24,12,16,1,351,4,2
213688169,10,10,25,25,1,1,1,1734316642,16107,24,12,16,1,351,4,3
213688169,10,10,25,25,1,1,1,1734316642,16107,24,12,16,1,351,4,4
213688169,10,10,25,25,1,1,1,1734316642,16107,24,12,16,1,351,4,5
213688169,10,10,25,25,1,1,1,1734316642,16107,24,12,16,1,351,4,6
213688169,10,10,25,25,1,1,1,1734316642,16107,24,12,16,1,351,4,7
213688169,10,10,25,25,1,1,1,1734316642,16107,24,12,16,1,351,4,8
213688169,10,10,25,25,1,1,1,1734316642,16107,24,12,16,1,351,4,9
213688169,10,10,25,25,1,1,1,1734316642,16107,24,12,16,1,351,4,10
213688169,10,10,25,25,1,1,1,1734316642,16107,24,12,16,1,351,4,11
213688169,10,10,25,25,1,1,1,1734316642,16107,24,12,16,1,351,4,12
213688169,10,10,25,25,1,1,1,1734316642,16107,24,12,16,1,351,4,13
213688169,10,10,25,25,1,1,1,1734316642,16107,24,12,16,1,351,4,14
213688169,10,10,25,25,1,1,1,1734316642,16107,24,12,16,1,351,4,15
213688169,10,10,25,25,1,1,1,1734316642,16107,24,12,16,1,351,4,16
213688169,10,10,25,25,1,1,1,1734316642,16107,24,12,16,1,351,4,17
213688169,10,10,25,25,1,1,1,1734316642,16107,24,12,16,1,351,4,18
213688169,10,10,25,25,1,1,1,1734316642,16107,24,12,16,1,351,4,19
213688169,10,10,25,25,1,1,1,1734316642,16107,24,12,16,1,351,4,20
213688169,10,10,25,25,1,1,1,1734316642,16107,24,12,16,1,351,4,21
213688169,10,10,25,25,1,1,1,1734316642,16107,24,12,16,1,351,4,22
213688169,10,10,25,25,1,1,1,1734316642,16107,24,12,16,1,351,4,23
213688169,10,10,25,25,1,1,1,1734316642,16107,24,12,16,1,351,4,24
213688169,10,10,25,25,1,1,1,1734316642,16107,24,12,16,1,351,4,26
213688169,10,10,25,25,1,1,1,1734316642,16107,24,12,16,1,351,4,27
213688169,10,10,25,25,1,1,1,1734316642,16107,24,12,16,1,351,4,28
213688169,10,10,25,25,1,1,1,1734316642,16107,24,12,16,1,351,4,29
213688169,10,10,25,25,1,1,1,1734316642,16107,24,12,16,1,351,4,30
213688169,10,10,25,25,1,1,1,1734316642,16107,24,12,16,1,351,4,31
213688169,10,10,25,25,1,1,1,1734316642,16107,24,12,16,1,351,4,31
213688169,10,10,25,25,1,1,1,1734316642,16107,24,12,16,1,351,4,32
213688169,10,10,25,25,1,1,1,1734316642,16107,24,12,16,1,351,4,33
213688169,10,10,25,25,1,1,1,1734316642,16107,24,12,16,1,351,4,35
213688169,10,10,25,25,1,1,1,1734316642,16107,24,12,16,1,351,4,36
213688169,10,10,25,25,1,1,1,1734316642,16107,24,12,16,1,351,4,37
213688169,10,10,25,25,1,1,1,1734316642,16107,24,12,16,1,351,4,38
213688169,10,10,25,25,1,1,1,1734316642,16107,24,12,16,1,351,4,39
213688169,10,10,25,25,1,1,1,1734320250,16107,24,12,16,1,351,4,40
213688169,10,10,25,25,1,1,1,1734320250,16107,24,12,16,1,351,4,41
213688169,10,10,25,25,1,1,1,1734320250,16107,24,12,16,1,351,4,42
213688169,10,10,25,25,1,1,1,1734320250,16107,24,12,16,1,351,4,43
213688169,10,10,25,25,1,1,1,1734320250,16107,24,12,16,1,351,4,44
213688169,10,10,25,25,1,1,1,1734320250,16107,24,12,16,1,351,4,45
213688169,10,10,25,25,1,1,1,1734320250,16107,24,12,16,1,351,4,46
213688169,10,10,25,25,1,1,1,1734320250,16107,24,12,16,1,351,4,47
213688169,10,10,25,25,1,1,1,1734320250,16107,24,12,16,1,351,4,48
213688169,10,10,25,25,1,1,1,1734320250,16107,24,12,16,1,351,4,49
213688169,10,10,25,25,1,1,1,1734320250,16107,24,12,16,1,351,4,50
213688169,10,10,25,25,1,1,1,1734320250,16107,24,12,16,1,351,4,51
213688169,10,10,25,25,1,1,1,1734320250,16107,24,12,16,1,351,4,52
213688169,10,10,25,25,1,1,1,1734320250,16107,24,12,16,1,351,4,53
213688169,10,10,25,25,1,1,1,1734320250,16107,24,12,16,1,351,4,54
213688169,10,10,25,25,1,1,1,1734320250,16107,24,12,16,1,351,4,55
213688169,10,10,25,25,1,1,1,1734320250,16107,24,12,16,1,351,4,56
213688169,10,10,25,25,1,1,1,1734320250,16107,24,12,16,1,351,4,57
213688169,10,10,25,25,1,1,1,1734320250,16107,24,12,16,1,351,4,58
213688169,10,10,25,25,1,1,1,1734320250,16107,24,12,16,1,351,4,59
213688169,10,10,25,25,1,1,1,1734320250,16107,24,12,16,1,351,5,0
213688169,10,10,25,25,1,1,1,1734320250,16107,24,12,16,1,351,5,1
213688169,10,10,25,25,1,1,1,1734320250,16107,24,12,16,1,351,5,2
213688169,10,10,25,25,1,1,1,1734320250,16107,24,12,16,1,351,5,3
213688169,10,10,25,25,1,1,1,1734320250,16107,24,12,16,1,351,5,4
213688169,10,10,25,25,1,1,1,1734320250,16107,24,12,16,1,351,5,5
213688169,10,10,25,25,1,1,1,1734320250,16107,24,12,16,1,351,5,6
213688169,10,10,25,25,1,1,1,1734320250,16107,24,12,16,1,351,5,7
213688169,10,10,25,25,1,1,1,1734320250,16107,24,12,16,1,351,5,8
213688169,10,10,25,25,1,1,1,1734320250,16107,24,12,16,1,351,5,9
213688169,10,10,25,25,1,1,1,1734320250,16107,24,12,16,1,351,5,10
213688169,10,10,25,25,1,1,1,1734320250,16107,24,12,16,1,351,5,11
213688169,10,10,25,25,1,1,1,1734320250,16107,24,12,16,1,351,5,12
213688169,10,10,25,25,1,1,1,1734320250,16107,24,12,16,1,351,5,13
213688169,10,10,25,25,1,1,1,1734320250,16107,24,12,16,1,351,5,14
213688169,10,10,25,25,1,1,1,1734320250,16107,24,12,16,1,351,5,15
213688169,10,10,25,25,1,1,1,1734320250,16107,24,12,16,1,351,5,16
213688169,10,10,25,25,1,1,1,1734320250,16107,24,12,16,1,351,5,17
213688169,10,10,25,25,1,1,1,1734320250,16107,24,12,16,1,351,5,18
213688169,10,10,25,25,1,1,1,1734320250,16107,24,12,16,1,351,5,19
213688169,10,10,25,25,1,1,1,1734320250,16107,24,12,16,1,351,5,20
213688169,10,10,25,25,1,1,1,1734320250,16107,24,12,16,1,351,5,21
213688169,10,10,25,25,1,1,1,1734320250,16107,24,12,16,1,351,5,22
213688169,10,10,25,25,1,1,1,1734320250,16107,24,12,16,1,351,5,23
213688169,10,10,25,25,1,1,1,1734320250,16107,24,12,16,1,351,5,24
213688169,10,10,25,25,1,1,1,1734320250,16107,24,12,16,1,351,5,25
213688169,10,10,25,25,1,1,1,1734320250,16107,24,12,16,1,351,5,26
213688169,10,10,25,25,1,1,1,1734320250,16107,24,12,16,1,351,5,27
213688169,10,10,25,25,1,1,1,1734320250,16107,24,12,16,1,351,5,28
213688169,10,10,25,25,1,1,1,1734320250,16107,24,12,16,1,351,5,29
213688169,10,10,25,25,1,1,1,1734320250,16107,24,12,16,1,351,5,30
213688169,10,10,25,25,1,1,1,1734320250,16107,24,12,16,1,351,5,31
213688169,10,10,25,25,1,1,1,1734320250,16107,24,12,16,1,351,5,32
213688169,10,10,25,25,1,1,1,1734320250,16107,24,12,16,1,351,5,33
213688169,10,10,25,25,1,1,1,1734320250,16107,24,12,16,1,351,5,34
213688169,10,10,25,25,1,1,1,1734320250,16107,24,12,16,1,351,5,35
213688169,10,10,25,25,1,1,1,1734320250,16107,24,12,16,1,351,5,36
213688169,10,10,25,25,1,1,1,1734320250,16107,24,12,16,1,351,5,37
213688169,10,10,25,25,1,1,1,1734320250,16107,24,12,16,1,351,5,38
213688169,10,10,25,25,1,1,1,1734320250,16107,24,12,16,1,351,5,39
213688169,10,10,25,25,1,1,1,1734323876,16107,24,12,16,1,351,5,40
213688169,10,10,25,25,1,1,1,1734323876,16107,24,12,16,1,351,5,41
213688169,10,10,25,25,1,1,1,1734323876,16107,24,12,16,1,351,5,42
213688169,10,10,25,25,1,1,1,1734323876,16107,24,12,16,1,351,5,43
213688169,10,10,25,25,1,1,1,1734323876,16107,24,12,16,1,351,5,44
213688169,10,10,25,25,1,1,1,1734323876,16107,24,12,16,1,351,5,45
213688169,10,10,25,25,1,1,1,1734323876,16107,24,12,16,1,351,5,46
213688169,10,10,25,25,1,1,1,1734323876,16107,24,12,16,1,351,5,47
213688169,10,10,25,25,1,1,1,1734323876,16107,24,12,16,1,351,5,48
213688169,10,10,25,25,1,1,1,1734323876,16107,24,12,16,1,351,5,49
213688169,10,10,25,25,1,1,1,1734323876,16107,24,12,16,1,351,5,50
213688169,10,10,25,25,1,1,1,1734323876,16107,24,12,16,1,351,5,51
213688169,10,10,25,25,1,1,1,1734323876,16107,24,12,16,1,351,5,52
213688169,10,10,25,25,1,1,1,1734323876,16107,24,12,16,1,351,5,53
213688169,10,10,25,25,1,1,1,1734323876,16107,24,12,16,1,351,5,54
213688169,10,10,25,25,1,1,1,1734323876,16107,24,12,16,1,351,5,55
213688169,10,10,25,25,1,1,1,1734323876,16107,24,12,16,1,351,5,56
213688169,10,10,25,25,1,1,1,1734323876,16107,24,12,16,1,351,5,57
213688169,10,10,25,25,1,1,1,1734323876,16107,24,12,16,1,351,5,58
213688169,10,10,25,25,1,1,1,1734323876,16107,24,12,16,1,351,5,59
213688169,10,10,25,25,1,1,1,1734323876,16107,24,12,16,1,351,6,0
213688169,10,10,25,25,1,1,1,1734323876,16107,24,12,16,1,351,6,1
213688169,10,10,25,25,1,1,1,1734323876,16107,24,12,16,1,351,6,2
213688169,10,10,25,25,1,1,1,1734323876,16107,24,12,16,1,351,6,3
213688169,10,10,25,25,1,1,1,1734323876,16107,24,12,16,1,351,6,4
213688169,10,10,25,25,1,1,1,1734323876,16107,24,12,16,1,351,6,5
213688169,10,10,25,25,1,1,1,1734323876,16107,24,12,16,1,351,6,6
213688169,10,10,25,25,1,1,1,1734323876,16107,24,12,16,1,351,6,7
213688169,10,10,25,25,1,1,1,1734323876,16107,24,12,16,1,351,6,8
213688169,10,10,25,25,1,1,1,1734323876,16107,24,12,16,1,351,6,9
213688169,10,10,25,25,1,1,1,1734323876,16107,24,12,16,1,351,6,10
213688169,10,10,25,25,1,1,1,1734323876,16107,24,12,16,1,351,6,11
213688169,10,10,25,25,1,1,1,1734323876,16107,24,12,16,1,351,6,12
213688169,10,10,25,25,1,1,1,1734323876,16107,24,12,16,1,351,6,13
213688169,10,10,25,25,1,1,1,1734323876,16107,24,12,16,1,351,6,14
213688169,10,10,25,25,1,1,1,1734323876,16107,24,12,16,1,351,6,15
213688169,10,10,25,25,1,1,1,1734323876,16107,24,12,16,1,351,6,16
213688169,10,10,25,25,1,1,1,1734323876,16107,24,12,16,1,351,6,17
213688169,10,10,25,25,1,1,1,1734323876,16107,24,12,16,1,351,6,18
213688169,10,10,25,25,1,1,1,1734323876,16107,24,12,16,1,351,6,19
213688169,10,10,25,25,1,1,1,1734323876,16107,24,12,16,1,351,6,20
213688169,10,10,25,25,1,1,1,1734323876,16107,24,12,16,1,351,6,21
213688169,10,10,25,25,1,1,1,1734323876,16107,24,12,16,1,351,6,22
213688169,9,9,26,26,1,1,1,1734323876,16107,24,12,16,1,351,6,23
213688169,9,9,26,26,1,1,1,1734323876,16107,24,12,16,1,351,6,24
213688169,9,9,26,26,1,1,1,1734323876,16107,24,12,16,1,351,6,25
213688169,9,9,26,26,1,1,1,1734323876,16107,24,12,16,1,351,6,26
213688169,9,9,26,26,1,1,1,1734323876,16107,24,12,16,1,351,6,27
213688169,9,9,26,26,1,1,1,1734323876,16107,24,12,16,1,351,6,28
213688169,9,9,26,26,1,1,1,1734323876,16107,24,12,16,1,351,6,29
213688169,9,9,26,26,1,1,1,1734323876,16107,24,12,16,1,351,6,30
213688169,9,9,26,26,1,1,1,1734323876,16107,24,12,16,1,351,6,31
213688169,9,9,26,26,1,1,1,1734323876,16107,24,12,16,1,351,6,32
213688169,9,9,26,26,1,1,1,1734323876,16107,24,12,16,1,351,6,33
213688169,9,9,26,26,1,1,1,1734323876,16107,24,12,16,1,351,6,34
213688169,9,9,26,26,1,1,1,1734323876,16107,24,12,16,1,351,6,35
213688169,9,9,26,26,1,1,1,1734323876,16107,24,12,16,1,351,6,36
213688169,9,9,26,26,1,1,1,1734323876,16107,24,12,16,1,351,6,37
213688169,9,9,26,26,1,1,1,1734323876,16107,24,12,16,1,351,6,38
213688169,9,9,26,26,1,1,1,1734323876,16107,24,12,16,1,351,6,39
213688169,9,9,26,26,1,1,1,1734327512,16107,24,12,16,1,351,6,40
213688169,9,9,26,26,1,1,1,1734327512,16107,24,12,16,1,351,6,41
213688169,9,9,26,26,1,1,1,1734327512,16107,24,12,16,1,351,6,42
213688169,9,9,26,26,1,1,1,1734327512,16107,24,12,16,1,351,6,43
213688169,9,9,26,26,1,1,1,1734327512,16107,24,12,16,1,351,6,44
213688169,10,10,25,25,1,1,1,1734327512,16107,24,12,16,1,351,6,45
213688169,10,10,25,25,1,1,1,1734327512,16107,24,12,16,1,351,6,46
213688169,9,9,26,26,1,1,1,1734327512,16107,24,12,16,1,351,6,47
213688169,9,9,26,26,1,1,1,1734327512,16107,24,12,16,1,351,6,48
213688169,9,9,26,26,1,1,1,1734327512,16107,24,12,16,1,351,6,49
213688169,9,9,26,26,1,1,1,1734327512,16107,24,12,16,1,351,6,50
213688169,9,9,26,26,1,1,1,1734327512,16107,24,12,16,1,351,6,50
213688169,9,9,26,26,1,1,1,1734327512,16107,24,12,16,1,351,6,51
213688169,9,9,26,26,1,1,1,1734327512,16107,24,12,16,1,351,6,52
213688169,9,9,26,26,1,1,1,1734327512,16107,24,12,16,1,351,6,53
213688169,9,9,26,26,1,1,1,1734327512,16107,24,12,16,1,351,6,54
213688169,9,9,26,26,1,1,1,1734327512,16107,24,12,16,1,351,6,55
213688169,9,9,26,26,1,1,1,1734327512,16107,24,12,16,1,351,6,56
213688169,9,9,26,26,1,1,1,1734327512,16107,24,12,16,1,351,6,57
213688169,9,9,26,26,1,1,1,1734327512,16107,24,12,16,1,351,6,58
213688169,9,9,26,26,1,1,1,1734327512,16107,24,12,16,1,351,6,59
213688169,9,9,26,26,1,1,1,1734327512,16107,24,12,16,1,351,7,0
213688169,9,9,26,26,1,1,1,1734327512,16107,24,12,16,1,351,7,1
213688169,9,9,26,26,1,1,1,1734327512,16107,24,12,16,1,351,7,2
213688169,9,9,26,26,1,1,1,1734327512,16107,24,12,16,1,351,7,3
213688169,9,9,26,26,1,1,1,1734327512,16107,24,12,16,1,351,7,4
213688169,9,9,26,26,1,1,1,1734327512,16107,24,12,16,1,351,7,5
213688169,9,9,26,26,1,1,1,1734327512,16107,24,12,16,1,351,7,6
213688169,9,9,26,26,1,1,1,1734327512,16107,24,12,16,1,351,7,7
213688169,9,9,26,26,1,1,1,1734327512,16107,24,12,16,1,351,7,8
213688169,9,9,26,26,1,1,1,1734327512,16107,24,12,16,1,351,7,9
213688169,9,9,26,26,1,1,1,1734327512,16107,24,12,16,1,351,7,10
213688169,9,9,26,26,1,1,1,1734327512,16107,24,12,16,1,351,7,11
213688169,9,9,26,26,1,1,1,1734327512,16107,24,12,16,1,351,7,12
213688169,9,9,26,26,1,1,1,1734327512,16107,24,12,16,1,351,7,13
213688169,9,9,26,26,1,1,1,1734327512,16107,24,12,16,1,351,7,14
213688169,9,9,26,26,1,1,1,1734327512,16107,24,12,16,1,351,7,15
213688169,9,9,26,26,1,1,1,1734327512,16107,24,12,16,1,351,7,16
213688169,9,9,26,26,1,1,1,1734327512,16107,24,12,16,1,351,7,17
213688169,9,9,26,26,1,1,1,1734327512,16107,24,12,16,1,351,7,18
213688169,9,9,26,26,1,1,1,1734327512,16107,24,12,16,1,351,7,19
213688169,8,8,27,27,1,1,1,1734327512,16107,24,12,16,1,351,7,20
213688169,8,8,27,27,1,1,1,1734327512,16107,24,12,16,1,351,7,21
213688169,8,8,27,27,1,1,1,1734327512,16107,24,12,16,1,351,7,22
213688169,8,8,27,27,1,1,1,1734327512,16107,24,12,16,1,351,7,23
213688169,8,8,27,27,1,1,1,1734327512,16107,24,12,16,1,351,7,24
213688169,8,8,27,27,1,1,1,1734327512,16107,24,12,16,1,351,7,26
213688169,8,8,27,27,1,1,1,1734327512,16107,24,12,16,1,351,7,27
213688169,8,8,27,27,1,1,1,1734327512,16107,24,12,16,1,351,7,28
213688169,8,8,27,27,1,1,1,1734327512,16107,24,12,16,1,351,7,29
213688169,8,8,27,27,1,1,1,1734327512,16107,24,12,16,1,351,7,30
213688169,8,8,27,27,1,1,1,1734327512,16107,24,12,16,1,351,7,31
213688169,8,8,27,27,1,1,1,1734327512,16107,24,12,16,1,351,7,32
213688169,8,8,27,27,1,1,1,1734327512,16107,24,12,16,1,351,7,33
213688169,8,8,27,27,1,1,1,1734327512,16107,24,12,16,1,351,7,34
213688169,8,8,27,27,1,1,1,1734327512,16107,24,12,16,1,351,7,35
213688169,8,8,27,27,1,1,1,1734327512,16107,24,12,16,1,351,7,36
213688169,8,8,27,27,1,1,1,1734327512,16107,24,12,16,1,351,7,37
213688169,8,8,27,27,1,1,1,1734327512,16107,24,12,16,1,351,7,38
213688169,8,8,27,27,1,1,1,1734327512,16107,24,12,16,1,351,7,39
213688169,8,8,27,27,1,1,1,1734331136,16107,24,12,16,1,351,7,40
213688169,8,8,27,27,1,1,1,1734331136,16107,24,12,16,1,351,7,41
213688169,7,7,28,28,1,1,1,1734331136,16107,24,12,16,1,351,7,42
213688169,7,7,28,28,1,1,1,1734331136,16107,24,12,16,1,351,7,43
213688169,7,7,28,28,1,1,1,1734331136,16107,24,12,16,1,351,7,44
213688169,7,7,28,28,1,1,1,1734331136,16107,24,12,16,1,351,7,45
213688169,6,6,29,29,1,1,1,1734331136,16107,24,12,16,1,351,7,46
213688169,6,6,29,29,1,1,1,1734331136,16107,24,12,16,1,351,7,47
213688169,6,6,29,29,1,1,1,1734331136,16107,24,12,16,1,351,7,48
213688169,6,6,29,29,1,1,1,1734331136,16107,24,12,16,1,351,7,49
213688169,6,6,29,29,1,1,1,1734331136,16107,24,12,16,1,351,7,50
213688169,6,6,29,29,1,1,1,1734331136,16107,24,12,16,1,351,7,51
213688169,6,6,29,29,1,1,1,1734331136,16107,24,12,16,1,351,7,52
213688169,6,6,29,29,1,1,1,1734331136,16107,24,12,16,1,351,7,53
213688169,6,6,29,29,1,1,1,1734331136,16107,24,12,16,1,351,7,54
213688169,6,6,29,29,1,1,1,1734331136,16107,24,12,16,1,351,7,55
213688169,6,6,29,29,1,1,1,1734331136,16107,24,12,16,1,351,7,56
213688169,6,6,29,29,1,1,1,1734331136,16107,24,12,16,1,351,7,57
213688169,6,6,29,29,1,1,1,1734331136,16107,24,12,16,1,351,7,58
213688169,6,6,29,29,1,1,1,1734331136,16107,24,12,16,1,351,7,59
213688169,6,6,29,29,1,1,1,1734331136,16107,24,12,16,1,351,8,0
213688169,6,6,29,29,1,1,1,1734331136,16107,24,12,16,1,351,8,1
213688169,6,6,29,29,1,1,1,1734331136,16107,24,12,16,1,351,8,2
213688169,6,6,29,29,1,1,1,1734331136,16107,24,12,16,1,351,8,3
213688169,6,6,29,29,1,1,1,1734331136,16107,24,12,16,1,351,8,4
213688169,7,7,28,28,1,1,1,1734331136,16107,24,12,16,1,351,8,5
213688169,7,7,28,28,1,1,1,1734331136,16107,24,12,16,1,351,8,6
213688169,5,5,30,30,1,1,1,1734331136,16107,24,12,16,1,351,8,7
213688169,5,5,30,30,1,1,1,1734331136,16107,24,12,16,1,351,8,8
213688169,5,5,30,30,1,1,1,1734331136,16107,24,12,16,1,351,8,9
213688169,5,5,30,30,1,1,1,1734331136,16107,24,12,16,1,351,8,10
213688169,5,5,30,30,1,1,1,1734331136,16107,24,12,16,1,351,8,11
213688169,5,5,30,30,1,1,1,1734331136,16107,24,12,16,1,351,8,12
213688169,5,5,30,30,1,1,1,1734331136,16107,24,12,16,1,351,8,13
213688169,5,5,30,30,1,1,1,1734331136,16107,24,12,16,1,351,8,14
213688169,5,5,30,30,1,1,1,1734331136,16107,24,12,16,1,351,8,15
213688169,5,5,30,30,1,1,1,1734331136,16107,24,12,16,1,351,8,16
213688169,5,5,30,30,1,1,1,1734331136,16107,24,12,16,1,351,8,17
213688169,5,5,30,30,1,1,1,1734331136,16107,24,12,16,1,351,8,18
213688169,5,5,30,30,1,1,1,1734331136,16107,24,12,16,1,351,8,19
213688169,5,5,30,30,1,1,1,1734331136,16107,24,12,16,1,351,8,20
213688169,5,5,30,30,1,1,1,1734331136,16107,24,12,16,1,351,8,21
213688169,5,5,30,30,1,1,1,1734331136,16107,24,12,16,1,351,8,22
213688169,5,5,30,30,1,1,1,1734331136,16107,24,12,16,1,351,8,23
213688169,5,5,30,30,1,1,1,1734331136,16107,24,12,16,1,351,8,24
213688169,6,6,29,29,1,1,1,1734331136,16107,24,12,16,1,351,8,25
213688169,6,6,29,29,1,1,1,1734331136,16107,24,12,16,1,351,8,26
213688169,6,6,29,29,1,1,1,1734331136,16107,24,12,16,1,351,8,27
213688169,6,6,29,29,1,1,1,1734331136,16107,24,12,16,1,351,8,28
213688169,6,6,29,29,1,1,1,1734331136,16107,24,12,16,1,351,8,29
213688169,6,6,29,29,1,1,1,1734331136,16107,24,12,16,1,351,8,30
213688169,7,7,28,28,1,1,1,1734331136,16107,24,12,16,1,351,8,31
213688169,7,7,28,28,1,1,1,1734331136,16107,24,12,16,1,351,8,32
213688169,7,7,28,28,1,1,1,1734331136,16107,24,12,16,1,351,8,33
213688169,7,7,28,28,1,1,1,1734331136,16107,24,12,16,1,351,8,34
213688169,7,7,28,28,1,1,1,1734331136,16107,24,12,16,1,351,8,35
213688169,7,7,28,28,1,1,1,1734331136,16107,24,12,16,1,351,8,36
213688169,7,7,28,28,1,1,1,1734331136,16107,24,12,16,1,351,8,37
213688169,8,8,27,27,1,1,1,1734331136,16107,24,12,16,1,351,8,38
213688169,8,8,27,27,1,1,1,1734331136,16107,24,12,16,1,351,8,39
213688169,8,8,27,27,1,1,1,1734334761,16107,24,12,16,1,351,8,40
213688169,7,7,28,28,1,1,1,1734334761,16107,24,12,16,1,351,8,41
213688169,7,7,28,28,1,1,1,1734334761,16107,24,12,16,1,351,8,42
213688169,7,7,28,28,1,1,1,1734334761,16107,24,12,16,1,351,8,43
213688169,7,7,28,28,1,1,1,1734334761,16107,24,12,16,1,351,8,44
213688169,7,7,28,28,1,1,1,1734334761,16107,24,12,16,1,351,8,45
213688169,7,7,28,28,1,1,1,1734334761,16107,24,12,16,1,351,8,46
213688169,7,7,28,28,1,1,1,1734334761,16107,24,12,16,1,351,8,47
213688169,7,7,28,28,1,1,1,1734334761,16107,24,12,16,1,351,8,48
213688169,7,7,28,28,1,1,1,1734334761,16107,24,12,16,1,351,8,49
213688169,7,7,28,28,1,1,1,1734334761,16107,24,12,16,1,351,8,50
213688169,8,8,27,27,1,1,1,1734334761,16107,24,12,16,1,351,8,51
213688169,8,8,27,27,1,1,1,1734334761,16107,24,12,16,1,351,8,52
213688169,7,7,28,28,1,1,1,1734334761,16107,24,12,16,1,351,8,53
213688169,7,7,28,28,1,1,1,1734334761,16107,24,12,16,1,351,8,54
213688169,7,7,28,28,1,1,1,1734334761,16107,24,12,16,1,351,8,55
213688169,7,7,28,28,1,1,1,1734334761,16107,24,12,16,1,351,8,56
213688169,7,7,28,28,1,1,1,1734334761,16107,24,12,16,1,351,8,57
213688169,7,7,28,28,1,1,1,1734334761,16107,24,12,16,1,351,8,58
213688169,7,7,28,28,1,1,1,1734334761,16107,24,12,16,1,351,8,59
213688169,7,7,28,28,1,1,1,1734334761,16107,24,12,16,1,351,9,0
213688169,7,7,28,28,1,1,1,1734334761,16107,24,12,16,1,351,9,1
213688169,7,7,28,28,1,1,1,1734334761,16107,24,12,16,1,351,9,2
213688169,7,7,28,28,1,1,1,1734334761,16107,24,12,16,1,351,9,3
213688169,7,7,28,28,1,1,1,1734334761,16107,24,12,16,1,351,9,4
213688169,7,7,28,28,1,1,1,1734334761,16107,24,12,16,1,351,9,5
213688169,8,8,27,27,1,1,1,1734334761,16107,24,12,16,1,351,9,6
213688169,8,8,27,27,1,1,1,1734334761,16107,24,12,16,1,351,9,7
213688169,8,8,27,27,1,1,1,1734334761,16107,24,12,16,1,351,9,8
213688169,8,8,27,27,1,1,1,1734334761,16107,24,12,16,1,351,9,9
213688169,8,8,27,27,1,1,1,1734334761,16107,24,12,16,1,351,9,10
213688169,8,8,27,27,1,1,1,1734334761,16107,24,12,16,1,351,9,11
213688169,8,8,27,27,1,1,1,1734334761,16107,24,12,16,1,351,9,12
213688169,9,9,26,26,1,1,1,1734334761,16107,24,12,16,1,351,9,13
213688169,8,8,27,27,1,1,1,1734334761,16107,24,12,16,1,351,9,14
213688169,7,7,28,28,1,1,1,1734334761,16107,24,12,16,1,351,9,15
213688169,7,7,28,28,1,1,1,1734334761,16107,24,12,16,1,351,9,16
213688169,7,7,28,28,1,1,1,1734334761,16107,24,12,16,1,351,9,17
213688169,7,7,28,28,1,1,1,1734334761,16107,24,12,16,1,351,9,18
213688169,7,7,28,28,1,1,1,1734334761,16107,24,12,16,1,351,9,19
213688169,7,7,28,28,1,1,1,1734334761,16107,24,12,16,1,351,9,20
213688169,7,7,28,28,1,1,1,1734334761,16107,24,12,16,1,351,9,21
213688169,7,7,28,28,1,1,1,1734334761,16107,24,12,16,1,351,9,22
213688169,7,7,28,28,1,1,1,1734334761,16107,24,12,16,1,351,9,23
213688169,8,8,27,27,1,1,1,1734334761,16107,24,12,16,1,351,9,24
213688169,8,8,27,27,1,1,1,1734334761,16107,24,12,16,1,351,9,25
213688169,8,8,27,27,1,1,1,1734334761,16107,24,12,16,1,351,9,26
213688169,8,8,27,27,1,1,1,1734334761,16107,24,12,16,1,351,9,27
213688169,8,8,27,27,1,1,1,1734334761,16107,24,12,16,1,351,9,28
213688169,8,8,27,27,1,1,1,1734334761,16107,24,12,16,1,351,9,29
213688169,8,8,27,27,1,1,1,1734334761,16107,24,12,16,1,351,9,30
213688169,8,8,27,27,1,1,1,1734334761,16107,24,12,16,1,351,9,31
213688169,8,8,27,27,1,1,1,1734334761,16107,24,12,16,1,351,9,32
213688169,8,8,27,27,1,1,1,1734334761,16107,24,12,16,1,351,9,33
213688169,8,8,27,27,1,1,1,1734334761,16107,24,12,16,1,351,9,34
213688169,9,9,26,26,1,1,1,1734334761,16107,24,12,16,1,351,9,35
213688169,9,9,26,26,1,1,1,1734334761,16107,24,12,16,1,351,9,36
213688169,9,9,26,26,1,1,1,1734334761,16107,24,12,16,1,351,9,37
213688169,9,9,26,26,1,1,1,1734334761,16107,24,12,16,1,351,9,38
213688169,9,9,26,26,1,1,1,1734338280,,24,12,16,1,351,9,39
213688169,9,9,26,26,1,1,1,1734338280,16107,24,12,16,1,351,9,40
213688169,9,9,26,26,1,1,1,1734338280,16107,24,12,16,1,351,9,42
213688169,8,8,27,27,1,1,1,1734338280,16107,24,12,16,1,351,9,43
213688169,8,8,27,27,1,1,1,1734338280,16107,24,12,16,1,351,9,43
213688169,8,8,27,27,1,1,1,1734338280,16107,24,12,16,1,351,9,44
213688169,8,8,27,27,1,1,1,1734338280,16107,24,12,16,1,351,9,45
213688169,8,8,27,27,1,1,1,1734338280,16107,24,12,16,1,351,9,46
213688169,8,8,27,27,1,1,1,1734338280,16107,24,12,16,1,351,9,47
213688169,8,8,27,27,1,1,1,1734338280,16107,24,12,16,1,351,9,48
213688169,8,8,27,27,1,1,1,1734338280,16107,24,12,16,1,351,9,49
213688169,8,8,27,27,1,1,1,1734338280,16107,24,12,16,1,351,9,50
213688169,8,8,27,27,1,1,1,1734338280,16107,24,12,16,1,351,9,51
213688169,8,8,27,27,1,1,1,1734338280,16107,24,12,16,1,351,9,52
213688169,8,8,27,27,1,1,1,1734338280,16107,24,12,16,1,351,9,53
213688169,8,8,27,27,1,1,1,1734338280,16107,24,12,16,1,351,9,55
213688169,8,8,27,27,1,1,1,1734338280,16107,24,12,16,1,351,9,56
213688169,8,8,27,27,1,1,1,1734338280,16107,24,12,16,1,351,9,57
213688169,8,8,27,27,1,1,1,1734338280,16107,24,12,16,1,351,9,58
213688169,8,8,27,27,1,1,1,1734338280,16107,24,12,16,1,351,9,59
213688169,8,8,27,27,1,1,1,1734338280,16107,24,12,16,1,351,10,0
213688169,8,8,27,27,1,1,1,1734338280,16107,24,12,16,1,351,10,1
213688169,8,8,27,27,1,1,1,1734338280,16107,24,12,16,1,351,10,2
213688169,8,8,27,27,1,1,1,1734338280,16107,24,12,16,1,351,10,3
213688169,8,8,27,27,1,1,1,1734338280,16107,24,12,16,1,351,10,4
213688169,8,8,27,27,1,1,1,1734338280,16107,24,12,16,1,351,10,5
213688169,8,8,27,27,1,1,1,1734338280,16107,24,12,16,1,351,10,6
213688169,8,8,27,27,1,1,1,1734338280,16107,24,12,16,1,351,10,7
213688169,8,8,27,27,1,1,1,1734338280,16107,24,12,16,1,351,10,8
213688169,8,8,27,27,1,1,1,1734338280,16107,24,12,16,1,351,10,9
213688169,8,8,27,27,1,1,1,1734338280,16107,24,12,16,1,351,10,10
213688169,8,8,27,27,1,1,1,1734338280,16107,24,12,16,1,351,10,11
213688169,8,8,27,27,1,1,1,1734338280,16107,24,12,16,1,351,10,12
213688169,8,8,27,27,1,1,1,1734338280,16107,24,12,16,1,351,10,13
213688169,8,8,27,27,1,1,1,1734338280,16107,24,12,16,1,351,10,14
213688169,8,8,27,27,1,1,1,1734338280,16107,24,12,16,1,351,10,15
213688169,8,8,27,27,1,1,1,1734338280,16107,24,12,16,1,351,10,16
213688169,8,8,27,27,1,1,1,1734338280,16107,24,12,16,1,351,10,17
213688169,8,8,27,27,1,1,1,1734338280,16107,24,12,16,1,351,10,18
213688169,8,8,27,27,1,1,1,1734338280,16107,24,12,16,1,351,10,19
213688169,8,8,27,27,1,1,1,1734338280,16107,24,12,16,1,351,10,20
213688169,7,7,28,28,1,1,1,1734338280,16107,24,12,16,1,351,10,21
213688169,7,7,28,28,1,1,1,1734338280,16107,24,12,16,1,351,10,22
213688169,7,7,28,28,1,1,1,1734338280,16107,24,12,16,1,351,10,23
213688169,7,7,28,28,1,1,1,1734338280,16107,24,12,16,1,351,10,24
213688169,7,7,28,28,1,1,1,1734338280,16107,24,12,16,1,351,10,25
213688169,7,7,28,28,1,1,1,1734338280,16107,24,12,16,1,351,10,26
213688169,7,7,28,28,1,1,1,1734338280,16107,24,12,16,1,351,10,27
213688169,7,7,28,28,1,1,1,1734338280,16107,24,12,16,1,351,10,28
213688169,7,7,28,28,1,1,1,1734338280,16107,24,12,16,1,351,10,29
213688169,7,7,28,28,1,1,1,1734338280,16107,24,12,16,1,351,10,30
213688169,7,7,28,28,1,1,1,1734338280,16107,24,12,16,1,351,10,31
213688169,7,7,28,28,1,1,1,1734338280,16107,24,12,16,1,351,10,32
213688169,7,7,28,28,1,1,1,1734338280,16107,24,12,16,1,351,10,33
213688169,6,6,29,29,1,1,1,1734338280,16107,24,12,16,1,351,10,34
213688169,6,6,29,29,1,1,1,1734338280,16107,24,12,16,1,351,10,35
213688169,6,6,29,29,1,1,1,1734338280,16107,24,12,16,1,351,10,36
213688169,6,6,29,29,1,1,1,1734338280,16107,24,12,16,1,351,10,37
213688169,6,6,29,29,1,1,1,1734338280,16107,24,12,16,1,351,10,38
213688169,6,6,29,29,1,1,1,1734338280,16107,24,12,16,1,351,10,39
213688169,6,6,29,29,1,1,1,1734341890,,24,12,16,1,351,10,40
213688169,6,6,29,29,1,1,1,1734341890,16107,24,12,16,1,351,10,41
213688169,6,6,29,29,1,1,1,1734341890,16107,24,12,16,1,351,10,42
213688169,6,6,29,29,1,1,1,1734341890,16107,24,12,16,1,351,10,43
213688169,5,5,30,30,1,1,1,1734341890,16107,24,12,16,1,351,10,44
213688169,5,5,30,30,1,1,1,1734341890,16107,24,12,16,1,351,10,45
213688169,5,5,30,30,1,1,1,1734341890,16107,24,12,16,1,351,10,46
213688169,5,5,30,30,1,1,1,1734341890,16107,24,12,16,1,351,10,47
213688169,5,5,30,30,1,1,1,1734341890,16107,24,12,16,1,351,10,48
213688169,5,5,30,30,1,1,1,1734341890,16107,24,12,16,1,351,10,49
213688169,5,5,30,30,1,1,1,1734341890,16107,24,12,16,1,351,10,50
213688169,5,5,30,30,1,1,1,1734341890,16107,24,12,16,1,351,10,51
213688169,5,5,30,30,1,1,1,1734341890,16107,24,12,16,1,351,10,52
213688169,5,5,30,30,1,1,1,1734341890,16107,24,12,16,1,351,10,53
213688169,5,5,30,30,1,1,1,1734341890,16107,24,12,16,1,351,10,54
213688169,5,5,30,30,1,1,1,1734341890,16107,24,12,16,1,351,10,55
213688169,5,5,30,30,1,1,1,1734341890,16107,24,12,16,1,351,10,56
213688169,5,5,30,30,1,1,1,1734341890,16107,24,12,16,1,351,10,57
213688169,5,5,30,30,1,1,1,1734341890,16107,24,12,16,1,351,10,58
213688169,5,5,30,30,1,1,1,1734341890,16107,24,12,16,1,351,10,59
213688169,5,5,30,30,1,1,1,1734341890,16107,24,12,16,1,351,11,0
213688169,5,5,30,30,1,1,1,1734341890,16107,24,12,16,1,351,11,1
213688169,5,5,30,30,1,1,1,1734341890,16107,24,12,16,1,351,11,2
213688169,5,5,30,30,1,1,1,1734341890,16107,24,12,16,1,351,11,3
213688169,5,5,30,30,1,1,1,1734341890,16107,24,12,16,1,351,11,4
213688169,5,5,30,30,1,1,1,1734341890,16107,24,12,16,1,351,11,4
213688169,5,5,30,30,1,1,1,1734341890,16107,24,12,16,1,351,11,5
213688169,5,5,30,30,1,1,1,1734341890,16107,24,12,16,1,351,11,7
213688169,5,5,30,30,1,1,1,1734341890,16107,24,12,16,1,351,11,8
213688169,5,5,30,30,1,1,1,1734341890,16107,24,12,16,1,351,11,9
213688169,5,5,30,30,1,1,1,1734341890,16107,24,12,16,1,351,11,10
213688169,5,5,30,30,1,1,1,1734341890,16107,24,12,16,1,351,11,11
213688169,5,5,30,30,1,1,1,1734341890,16107,24,12,16,1,351,11,12
213688169,5,5,30,30,1,1,1,1734341890,16107,24,12,16,1,351,11,13
213688169,5,5,30,30,1,1,1,1734341890,16107,24,12,16,1,351,11,14
213688169,5,5,30,30,1,1,1,1734341890,16107,24,12,16,1,351,11,15
213688169,5,5,30,30,1,1,1,1734341890,16107,24,12,16,1,351,11,16
213688169,5,5,30,30,1,1,1,1734341890,16107,24,12,16,1,351,11,17
213688169,5,5,30,30,1,1,1,1734341890,16107,24,12,16,1,351,11,18
213688169,5,5,30,30,1,1,1,1734341890,16107,24,12,16,1,351,11,19
213688169,5,5,30,30,1,1,1,1734341890,16107,24,12,16,1,351,11,20
213688169,5,5,30,30,1,1,1,1734341890,16107,24,12,16,1,351,11,21
213688169,5,5,30,30,1,1,1,1734341890,16107,24,12,16,1,351,11,22
213688169,5,5,30,30,1,1,1,1734341890,16107,24,12,16,1,351,11,23
213688169,5,5,30,30,1,1,1,1734341890,16107,24,12,16,1,351,11,24
213688169,5,5,30,30,1,1,1,1734341890,16107,24,12,16,1,351,11,25
213688169,5,5,30,30,1,1,1,1734341890,16107,24,12,16,1,351,11,26
213688169,5,5,30,30,1,1,1,1734341890,16107,24,12,16,1,351,11,27
213688169,5,5,30,30,1,1,1,1734341890,16107,24,12,16,1,351,11,28
213688169,5,5,30,30,1,1,1,1734341890,16107,24,12,16,1,351,11,29
213688169,5,5,30,30,1,1,1,1734341890,16107,24,12,16,1,351,11,30
213688169,5,5,30,30,1,1,1,1734341890,16107,24,12,16,1,351,11,31
213688169,5,5,30,30,1,1,1,1734341890,16107,24,12,16,1,351,11,32
213688169,5,5,30,30,1,1,1,1734341890,16107,24,12,16,1,351,11,33
213688169,5,5,30,30,1,1,1,1734341890,16107,24,12,16,1,351,11,34
213688169,5,5,30,30,1,1,1,1734341890,16107,24,12,16,1,351,11,35
213688169,4,4,31,31,1,1,1,1734341890,16107,24,12,16,1,351,11,36
213688169,4,4,31,31,1,1,1,1734341890,16107,24,12,16,1,351,11,37
213688169,4,4,31,31,1,1,1,1734341890,16107,24,12,16,1,351,11,38
213688169,4,4,31,31,1,1,1,1734341890,16107,24,12,16,1,351,11,39
213688169,4,4,31,31,1,1,1,1734345242,,24,12,16,1,351,11,40
213688169,4,4,31,31,1,1,1,1734345242,16107,24,12,16,1,351,11,41
213688169,4,4,31,31,1,1,1,1734345242,16107,24,12,16,1,351,11,42
213688169,4,4,31,31,1,1,1,1734345242,16107,24,12,16,1,351,11,43
213688169,2,2,33,33,1,1,1,1734345242,16107,24,12,16,1,351,11,44
213688169,2,2,33,33,1,1,1,1734345242,16107,24,12,16,1,351,11,45
213688169,2,2,33,33,1,1,1,1734345242,16107,24,12,16,1,351,11,46
213688169,2,2,33,33,1,1,1,1734345242,16107,24,12,16,1,351,11,47
213688169,2,2,33,33,1,1,1,1734345242,16107,24,12,16,1,351,11,48
213688169,2,2,33,33,1,1,1,1734345242,16107,24,12,16,1,351,11,49
213688169,2,2,33,33,1,1,1,1734345242,16107,24,12,16,1,351,11,50
213688169,2,2,33,33,1,1,1,1734345242,16107,24,12,16,1,351,11,51
213688169,2,2,33,33,1,1,1,1734345242,16107,24,12,16,1,351,11,52
213688169,2,2,33,33,1,1,1,1734345242,16107,24,12,16,1,351,11,53
213688169,2,2,33,33,1,1,1,1734345242,16107,24,12,16,1,351,11,54
213688169,2,2,33,33,1,1,1,1734345242,16107,24,12,16,1,351,11,55
213688169,2,2,33,33,1,1,1,1734345242,16107,24,12,16,1,351,11,56
213688169,2,2,33,33,1,1,1,1734345242,16107,24,12,16,1,351,11,57
213688169,2,2,33,33,1,1,1,1734345242,16107,24,12,16,1,351,11,58
213688169,2,2,33,33,1,1,1,1734345242,16107,24,12,16,1,351,11,59
213688169,2,2,33,33,1,1,1,1734345242,16107,24,12,16,1,351,12,0
213688169,2,2,33,33,1,1,1,1734345242,16107,24,12,16,1,351,12,1
213688169,2,2,33,33,1,1,1,1734345242,16107,24,12,16,1,351,12,2
213688169,2,2,33,33,1,1,1,1734345242,16107,24,12,16,1,351,12,3
213688169,2,2,33,33,1,1,1,1734345242,16107,24,12,16,1,351,12,4
213688169,2,2,33,33,1,1,1,1734345242,16107,24,12,16,1,351,12,5
213688169,2,2,33,33,1,1,1,1734345242,16107,24,12,16,1,351,12,6
213688169,2,2,33,33,1,1,1,1734345242,16107,24,12,16,1,351,12,7
213688169,2,2,33,33,1,1,1,1734345242,16107,24,12,16,1,351,12,8
213688169,2,2,33,33,1,1,1,1734345242,16107,24,12,16,1,351,12,9
213688169,2,2,33,33,1,1,1,1734345242,16107,24,12,16,1,351,12,10
213688169,2,2,33,33,1,1,1,1734345242,16107,24,12,16,1,351,12,11
213688169,2,2,33,33,1,1,1,1734345242,16107,24,12,16,1,351,12,12
213688169,2,2,33,33,1,1,1,1734345242,16107,24,12,16,1,351,12,13
213688169,2,2,33,33,1,1,1,1734345242,16107,24,12,16,1,351,12,14
213688169,2,2,33,33,1,1,1,1734345242,16107,24,12,16,1,351,12,15
213688169,2,2,33,33,1,1,1,1734345242,16107,24,12,16,1,351,12,16
213688169,2,2,33,33,1,1,1,1734345242,16107,24,12,16,1,351,12,17
213688169,2,2,33,33,1,1,1,1734345242,16107,24,12,16,1,351,12,18
213688169,2,2,33,33,1,1,1,1734345242,16107,24,12,16,1,351,12,19
213688169,2,2,33,33,1,1,1,1734345242,16107,24,12,16,1,351,12,20
213688169,2,2,33,33,1,1,1,1734345242,16107,24,12,16,1,351,12,21
213688169,2,2,33,33,1,1,1,1734345242,16107,24,12,16,1,351,12,22
213688169,2,2,33,33,1,1,1,1734345242,16107,24,12,16,1,351,12,23
213688169,2,2,33,33,1,1,1,1734345242,16107,24,12,16,1,351,12,24
213688169,2,2,33,33,1,1,1,1734345242,16107,24,12,16,1,351,12,25
213688169,2,2,33,33,1,1,1,1734345242,16107,24,12,16,1,351,12,26
213688169,2,2,33,33,1,1,1,1734345242,16107,24,12,16,1,351,12,27
213688169,2,2,33,33,1,1,1,1734345242,16107,24,12,16,1,351,12,28
213688169,2,2,33,33,1,1,1,1734345242,16107,24,12,16,1,351,12,29
213688169,2,2,33,33,1,1,1,1734345242,16107,24,12,16,1,351,12,30
213688169,2,2,33,33,1,1,1,1734345242,16107,24,12,16,1,351,12,31
213688169,2,2,33,33,1,1,1,1734345242,16107,24,12,16,1,351,12,32
213688169,2,2,33,33,1,1,1,1734345242,16107,24,12,16,1,351,12,33
213688169,2,2,33,33,1,1,1,1734345242,16107,24,12,16,1,351,12,34
213688169,2,2,33,33,1,1,1,1734345242,16107,24,12,16,1,351,12,35
213688169,2,2,33,33,1,1,1,1734345242,16107,24,12,16,1,351,12,36
213688169,2,2,33,33,1,1,1,1734345242,16107,24,12,16,1,351,12,37
213688169,2,2,33,33,1,1,1,1734345242,16107,24,12,16,1,351,12,38
213688169,2,2,33,33,1,1,1,1734345242,16107,24,12,16,1,351,12,39
213688169,3,3,32,32,1,1,1,1734349194,,24,12,16,1,351,12,40
213688169,3,3,32,32,1,1,1,1734349194,16107,24,12,16,1,351,12,41
213688169,3,3,32,32,1,1,1,1734349194,16107,24,12,16,1,351,12,42
213688169,4,4,31,31,1,1,1,1734349194,16107,24,12,16,1,351,12,43
213688169,4,4,31,31,1,1,1,1734349194,16107,24,12,16,1,351,12,44
213688169,4,4,31,31,1,1,1,1734349194,16107,24,12,16,1,351,12,45
213688169,4,4,31,31,1,1,1,1734349194,16107,24,12,16,1,351,12,46
213688169,4,4,31,31,1,1,1,1734349194,16107,24,12,16,1,351,12,47
213688169,4,4,31,31,1,1,1,1734349194,16107,24,12,16,1,351,12,48
213688169,4,4,31,31,1,1,1,1734349194,16107,24,12,16,1,351,12,49
213688169,4,4,31,31,1,1,1,1734349194,16107,24,12,16,1,351,12,50
213688169,4,4,31,31,1,1,1,1734349194,16107,24,12,16,1,351,12,51
213688169,4,4,31,31,1,1,1,1734349194,16107,24,12,16,1,351,12,52
213688169,4,4,31,31,1,1,1,1734349194,16107,24,12,16,1,351,12,53
213688169,4,4,31,31,1,1,1,1734349194,16107,24,12,16,1,351,12,54
213688169,4,4,31,31,1,1,1,1734349194,16107,24,12,16,1,351,12,55
213688169,4,4,31,31,1,1,1,1734349194,16107,24,12,16,1,351,12,56
213688169,4,4,31,31,1,1,1,1734349194,16107,24,12,16,1,351,12,58
213688169,4,4,31,31,1,1,1,1734349194,16107,24,12,16,1,351,12,58
213688169,4,4,31,31,1,1,1,1734349194,16107,24,12,16,1,351,12,59
213688169,4,4,31,31,1,1,1,1734349194,16107,24,12,16,1,351,13,0
213688169,4,4,31,31,1,1,1,1734349194,16107,24,12,16,1,351,13,1
213688169,4,4,31,31,1,1,1,1734349194,16107,24,12,16,1,351,13,3
213688169,4,4,31,31,1,1,1,1734349194,16107,24,12,16,1,351,13,3
213688169,4,4,31,31,1,1,1,1734349194,16107,24,12,16,1,351,13,4
213688169,4,4,31,31,1,1,1,1734349194,16107,24,12,16,1,351,13,5
213688169,4,4,31,31,1,1,1,1734349194,16107,24,12,16,1,351,13,6
213688169,4,4,31,31,1,1,1,1734349194,16107,24,12,16,1,351,13,8
213688169,4,4,31,31,1,1,1,1734349194,16107,24,12,16,1,351,13,9
213688169,4,4,31,31,1,1,1,1734349194,16107,24,12,16,1,351,13,10
213688169,4,4,31,31,1,1,1,1734349194,16107,24,12,16,1,351,13,11
213688169,4,4,31,31,1,1,1,1734349194,16107,24,12,16,1,351,13,12
213688169,4,4,31,31,1,1,1,1734349194,16107,24,12,16,1,351,13,13
213688169,4,4,31,31,1,1,1,1734349194,16107,24,12,16,1,351,13,14
213688169,4,4,31,31,1,1,1,1734349194,16107,24,12,16,1,351,13,15
213688169,4,4,31,31,1,1,1,1734349194,16107,24,12,16,1,351,13,16
213688169,4,4,31,31,1,1,1,1734349194,16107,24,12,16,1,351,13,17
213688169,4,4,31,31,1,1,1,1734349194,16107,24,12,16,1,351,13,18
213688169,4,4,31,31,1,1,1,1734349194,16107,24,12,16,1,351,13,19
213688169,4,4,31,31,1,1,1,1734349194,16107,24,12,16,1,351,13,20
213688169,4,4,31,31,1,1,1,1734349194,16107,24,12,16,1,351,13,21
213688169,4,4,31,31,1,1,1,1734349194,16107,24,12,16,1,351,13,22
213688169,5,5,30,30,1,1,1,1734349194,16107,24,12,16,1,351,13,23
213688169,6,6,29,29,1,1,1,1734349194,16107,24,12,16,1,351,13,24
213688169,5,5,30,30,1,1,1,1734349194,16107,24,12,16,1,351,13,25
213688169,5,5,30,30,1,1,1,1734349194,16107,24,12,16,1,351,13,26
213688169,5,5,30,30,1,1,1,1734349194,16107,24,12,16,1,351,13,27
213688169,6,6,29,29,1,1,1,1734349194,16107,24,12,16,1,351,13,28
213688169,6,6,29,29,1,1,1,1734349194,16107,24,12,16,1,351,13,29
213688169,6,6,29,29,1,1,1,1734349194,16107,24,12,16,1,351,13,30
213688169,6,6,29,29,1,1,1,1734349194,16107,24,12,16,1,351,13,31
213688169,6,6,29,29,1,1,1,1734349194,16107,24,12,16,1,351,13,32
213688169,6,6,29,29,1,1,1,1734349194,16107,24,12,16,1,351,13,33
213688169,6,6,29,29,1,1,1,1734349194,16107,24,12,16,1,351,13,34
213688169,5,5,30,30,1,1,1,1734349194,16107,24,12,16,1,351,13,35
213688169,5,5,30,30,1,1,1,1734349194,16107,24,12,16,1,351,13,36
213688169,5,5,30,30,1,1,1,1734349194,16107,24,12,16,1,351,13,37
213688169,5,5,30,30,1,1,1,1734349194,16107,24,12,16,1,351,13,38
213688169,5,5,30,30,1,1,1,1734349194,16107,24,12,16,1,351,13,39
213688169,5,5,30,30,1,1,1,1734349194,16107,24,12,16,1,351,13,40
213688169,5,5,30,30,1,1,1,1734352484,16107,24,12,16,1,351,13,41
213688169,5,5,30,30,1,1,1,1734352484,16107,24,12,16,1,351,13,42
213688169,5,5,30,30,1,1,1,1734352484,16107,24,12,16,1,351,13,43
213688169,4,4,31,31,1,1,1,1734352484,16107,24,12,16,1,351,13,44
213688169,4,4,31,31,1,1,1,1734352484,16107,24,12,16,1,351,13,45
213688169,4,4,31,31,1,1,1,1734352484,16107,24,12,16,1,351,13,46
213688169,3,3,32,32,1,1,1,1734352484,16107,24,12,16,1,351,13,47
213688169,3,3,32,32,1,1,1,1734352484,16107,24,12,16,1,351,13,48
213688169,3,3,32,32,1,1,1,1734352484,16107,24,12,16,1,351,13,49
213688169,3,3,32,32,1,1,1,1734352484,16107,24,12,16,1,351,13,50
213688169,4,4,31,31,1,1,1,1734352484,16107,24,12,16,1,351,13,51
213688169,4,4,31,31,1,1,1,1734352484,16107,24,12,16,1,351,13,52
213688169,4,4,31,31,1,1,1,1734352484,16107,24,12,16,1,351,13,53
213688169,4,4,31,31,1,1,1,1734352484,16107,24,12,16,1,351,13,54
213688169,4,4,31,31,1,1,1,1734352484,16107,24,12,16,1,351,13,55
213688169,3,3,32,32,1,1,1,1734352484,16107,24,12,16,1,351,13,56
213688169,3,3,32,32,1,1,1,1734352484,16107,24,12,16,1,351,13,57
213688169,3,3,32,32,1,1,1,1734352484,16107,24,12,16,1,351,13,58
213688169,3,3,32,32,1,1,1,1734352484,16107,24,12,16,1,351,13,59
213688169,3,3,32,32,1,1,1,1734352484,16107,24,12,16,1,351,14,0
213688169,3,3,32,32,1,1,1,1734352484,16107,24,12,16,1,351,14,1
213688169,3,3,32,32,1,1,1,1734352484,16107,24,12,16,1,351,14,2
213688169,3,3,32,32,1,1,1,1734352484,16107,24,12,16,1,351,14,3
213688169,3,3,32,32,1,1,1,1734352484,16107,24,12,16,1,351,14,4
213688169,3,3,32,32,1,1,1,1734352484,16107,24,12,16,1,351,14,5
213688169,3,3,32,32,1,1,1,1734352484,16107,24,12,16,1,351,14,6
213688169,3,3,32,32,1,1,1,1734352484,16107,24,12,16,1,351,14,7
213688169,3,3,32,32,1,1,1,1734352484,16107,24,12,16,1,351,14,8
213688169,3,3,32,32,1,1,1,1734352484,16107,24,12,16,1,351,14,9
213688169,3,3,32,32,1,1,1,1734352484,16107,24,12,16,1,351,14,10
213688169,3,3,32,32,1,1,1,1734352484,16107,24,12,16,1,351,14,11
213688169,3,3,32,32,1,1,1,1734352484,16107,24,12,16,1,351,14,12
213688169,3,3,32,32,1,1,1,1734352484,16107,24,12,16,1,351,14,13
213688169,3,3,32,32,1,1,1,1734352484,16107,24,12,16,1,351,14,14
213688169,3,3,32,32,1,1,1,1734352484,16107,24,12,16,1,351,14,15
213688169,3,3,32,32,1,1,1,1734352484,16107,24,12,16,1,351,14,16
213688169,3,3,32,32,1,1,1,1734352484,16107,24,12,16,1,351,14,17
213688169,3,3,32,32,1,1,1,1734352484,16107,24,12,16,1,351,14,18
213688169,3,3,32,32,1,1,1,1734352484,16107,24,12,16,1,351,14,19
213688169,3,3,32,32,1,1,1,1734352484,16107,24,12,16,1,351,14,20
213688169,3,3,32,32,1,1,1,1734352484,16107,24,12,16,1,351,14,21
213688169,3,3,32,32,1,1,1,1734352484,16107,24,12,16,1,351,14,22
213688169,3,3,32,32,1,1,1,1734352484,16107,24,12,16,1,351,14,23
213688169,3,3,32,32,1,1,1,1734352484,16107,24,12,16,1,351,14,24
213688169,3,3,32,32,1,1,1,1734352484,16107,24,12,16,1,351,14,25
213688169,3,3,32,32,1,1,1,1734352484,16107,24,12,16,1,351,14,26
213688169,3,3,32,32,1,1,1,1734352484,16107,24,12,16,1,351,14,27
213688169,3,3,32,32,1,1,1,1734352484,16107,24,12,16,1,351,14,28
213688169,3,3,32,32,1,1,1,1734352484,16107,24,12,16,1,351,14,29
213688169,3,3,32,32,1,1,1,1734352484,16107,24,12,16,1,351,14,30
213688169,3,3,32,32,1,1,1,1734352484,16107,24,12,16,1,351,14,31
213688169,3,3,32,32,1,1,1,1734352484,16107,24,12,16,1,351,14,32
213688169,3,3,32,32,1,1,1,1734352484,16107,24,12,16,1,351,14,33
213688169,3,3,32,32,1,1,1,1734352484,16107,24,12,16,1,351,14,34
213688169,3,3,32,32,1,1,1,1734352484,16107,24,12,16,1,351,14,35
213688169,3,3,32,32,1,1,1,1734352484,16107,24,12,16,1,351,14,36
213688169,3,3,32,32,1,1,1,1734352484,16107,24,12,16,1,351,14,37
213688169,3,3,32,32,1,1,1,1734352484,16107,24,12,16,1,351,14,38
213688169,3,3,32,32,1,1,1,1734352484,16107,24,12,16,1,351,14,39
213688169,3,3,32,32,1,1,1,1734352484,16107,24,12,16,1,351,14,40
213688169,3,3,32,32,1,1,1,1734355928,16107,24,12,16,1,351,14,41
213688169,3,3,32,32,1,1,1,1734355928,16107,24,12,16,1,351,14,42
213688169,3,3,32,32,1,1,1,1734355928,16107,24,12,16,1,351,14,43
213688169,3,3,32,32,1,1,1,1734355928,16107,24,12,16,1,351,14,44
213688169,3,3,32,32,1,1,1,1734355928,16107,24,12,16,1,351,14,45
213688169,3,3,32,32,1,1,1,1734355928,16107,24,12,16,1,351,14,46
213688169,3,3,32,32,1,1,1,1734355928,16107,24,12,16,1,351,14,47
213688169,3,3,32,32,1,1,1,1734355928,16107,24,12,16,1,351,14,48
213688169,4,4,31,31,1,1,1,1734355928,16107,24,12,16,1,351,14,49
213688169,4,4,31,31,1,1,1,1734355928,16107,24,12,16,1,351,14,50
213688169,4,4,31,31,1,1,1,1734355928,16107,24,12,16,1,351,14,51
213688169,4,4,31,31,1,1,1,1734355928,16107,24,12,16,1,351,14,52
213688169,4,4,31,31,1,1,1,1734355928,16107,24,12,16,1,351,14,53
213688169,4,4,31,31,1,1,1,1734355928,16107,24,12,16,1,351,14,54
213688169,4,4,31,31,1,1,1,1734355928,16107,24,12,16,1,351,14,55
213688169,4,4,31,31,1,1,1,1734355928,16107,24,12,16,1,351,14,56
213688169,4,4,31,31,1,1,1,1734355928,16107,24,12,16,1,351,14,57
213688169,4,4,31,31,1,1,1,1734355928,16107,24,12,16,1,351,14,58
213688169,4,4,31,31,1,1,1,1734355928,16107,24,12,16,1,351,14,59
213688169,4,4,31,31,1,1,1,1734355928,16107,24,12,16,1,351,15,0
213688169,4,4,31,31,1,1,1,1734355928,16107,24,12,16,1,351,15,1
213688169,4,4,31,31,1,1,1,1734355928,16107,24,12,16,1,351,15,2
213688169,4,4,31,31,1,1,1,1734355928,16107,24,12,16,1,351,15,3
213688169,4,4,31,31,1,1,1,1734355928,16107,24,12,16,1,351,15,4
213688169,4,4,31,31,1,1,1,1734355928,16107,24,12,16,1,351,15,5
213688169,4,4,31,31,1,1,1,1734355928,16107,24,12,16,1,351,15,6
213688169,4,4,31,31,1,1,1,1734355928,16107,24,12,16,1,351,15,7
213688169,4,4,31,31,1,1,1,1734355928,16107,24,12,16,1,351,15,8
213688169,3,3,32,32,1,1,1,1734355928,16107,24,12,16,1,351,15,9
213688169,3,3,32,32,1,1,1,1734355928,16107,24,12,16,1,351,15,10
213688169,3,3,32,32,1,1,1,1734355928,16107,24,12,16,1,351,15,11
213688169,3,3,32,32,1,1,1,1734355928,16107,24,12,16,1,351,15,12
213688169,4,4,31,31,1,1,1,1734355928,16107,24,12,16,1,351,15,13
213688169,4,4,31,31,1,1,1,1734355928,16107,24,12,16,1,351,15,14
213688169,5,5,30,30,1,1,1,1734355928,16107,24,12,16,1,351,15,15
213688169,5,5,30,30,1,1,1,1734355928,16107,24,12,16,1,351,15,16
213688169,5,5,30,30,1,1,1,1734355928,16107,24,12,16,1,351,15,17
213688169,5,5,30,30,1,1,1,1734355928,16107,24,12,16,1,351,15,18
213688169,5,5,30,30,1,1,1,1734355928,16107,24,12,16,1,351,15,19
213688169,5,5,30,30,1,1,1,1734355928,16107,24,12,16,1,351,15,20
213688169,5,5,30,30,1,1,1,1734355928,16107,24,12,16,1,351,15,21
213688169,5,5,30,30,1,1,1,1734355928,16107,24,12,16,1,351,15,22
213688169,5,5,30,30,1,1,1,1734355928,16107,24,12,16,1,351,15,23
213688169,5,5,30,30,1,1,1,1734355928,16107,24,12,16,1,351,15,24
213688169,5,5,30,30,1,1,1,1734355928,16107,24,12,16,1,351,15,25
213688169,5,5,30,30,1,1,1,1734355928,16107,24,12,16,1,351,15,26
213688169,5,5,30,30,1,1,1,1734355928,16107,24,12,16,1,351,15,27
213688169,5,5,30,30,1,1,1,1734355928,16107,24,12,16,1,351,15,28
213688169,5,5,30,30,1,1,1,1734355928,16107,24,12,16,1,351,15,29
213688169,5,5,30,30,1,1,1,1734355928,16107,24,12,16,1,351,15,30
213688169,5,5,30,30,1,1,1,1734355928,16107,24,12,16,1,351,15,31
213688169,5,5,30,30,1,1,1,1734355928,16107,24,12,16,1,351,15,32
213688169,5,5,30,30,1,1,1,1734355928,16107,24,12,16,1,351,15,33
213688169,5,5,30,30,1,1,1,1734355928,16107,24,12,16,1,351,15,34
213688169,5,5,30,30,1,1,1,1734355928,16107,24,12,16,1,351,15,35
213688169,5,5,30,30,1,1,1,1734355928,16107,24,12,16,1,351,15,36
213688169,5,5,30,30,1,1,1,1734355928,16107,24,12,16,1,351,15,37
213688169,5,5,30,30,1,1,1,1734355928,16107,24,12,16,1,351,15,38
213688169,5,5,30,30,1,1,1,1734355928,16107,24,12,16,1,351,15,39
213688169,5,5,30,30,1,1,1,1734359555,,24,12,16,1,351,15,40
213688169,5,5,30,30,1,1,1,1734359555,16107,24,12,16,1,351,15,41
213688169,5,5,30,30,1,1,1,1734359555,16107,24,12,16,1,351,15,42
213688169,4,4,31,31,1,1,1,1734359555,16107,24,12,16,1,351,15,43
213688169,4,4,31,31,1,1,1,1734359555,16107,24,12,16,1,351,15,44
213688169,4,4,31,31,1,1,1,1734359555,16107,24,12,16,1,351,15,45
213688169,3,3,32,32,1,1,1,1734359555,16107,24,12,16,1,351,15,46
213688169,3,3,32,32,1,1,1,1734359555,16107,24,12,16,1,351,15,47
213688169,3,3,32,32,1,1,1,1734359555,16107,24,12,16,1,351,15,48
213688169,3,3,32,32,1,1,1,1734359555,16107,24,12,16,1,351,15,49
213688169,3,3,32,32,1,1,1,1734359555,16107,24,12,16,1,351,15,50
213688169,3,3,32,32,1,1,1,1734359555,16107,24,12,16,1,351,15,51
213688169,3,3,32,32,1,1,1,1734359555,16107,24,12,16,1,351,15,52
213688169,3,3,32,32,1,1,1,1734359555,16107,24,12,16,1,351,15,53
213688169,3,3,32,32,1,1,1,1734359555,16107,24,12,16,1,351,15,54
213688169,3,3,32,32,1,1,1,1734359555,16107,24,12,16,1,351,15,55
213688169,3,3,32,32,1,1,1,1734359555,16107,24,12,16,1,351,15,56
213688169,3,3,32,32,1,1,1,1734359555,16107,24,12,16,1,351,15,57
213688169,3,3,32,32,1,1,1,1734359555,16107,24,12,16,1,351,15,58
213688169,3,3,32,32,1,1,1,1734359555,16107,24,12,16,1,351,15,59
213688169,3,3,32,32,1,1,1,1734359555,16107,24,12,16,1,351,16,0
213688169,3,3,32,32,1,1,1,1734359555,16107,24,12,16,1,351,16,1
213688169,3,3,32,32,1,1,1,1734359555,16107,24,12,16,1,351,16,2
213688169,3,3,32,32,1,1,1,1734359555,16107,24,12,16,1,351,16,3
213688169,3,3,32,32,1,1,1,1734359555,16107,24,12,16,1,351,16,4
213688169,3,3,32,32,1,1,1,1734359555,16107,24,12,16,1,351,16,5
213688169,3,3,32,32,1,1,1,1734359555,16107,24,12,16,1,351,16,6
213688169,3,3,32,32,1,1,1,1734359555,16107,24,12,16,1,351,16,7
213688169,4,4,31,31,1,1,1,1734359555,16107,24,12,16,1,351,16,8
213688169,4,4,31,31,1,1,1,1734359555,16107,24,12,16,1,351,16,9
213688169,4,4,31,31,1,1,1,1734359555,16107,24,12,16,1,351,16,10
213688169,4,4,31,31,1,1,1,1734359555,16107,24,12,16,1,351,16,11
213688169,3,3,32,32,1,1,1,1734359555,16107,24,12,16,1,351,16,12
213688169,2,2,33,33,1,1,1,1734359555,16107,24,12,16,1,351,16,13
213688169,2,2,33,33,1,1,1,1734359555,16107,24,12,16,1,351,16,14
213688169,2,2,33,33,1,1,1,1734359555,16107,24,12,16,1,351,16,15
213688169,2,2,33,33,1,1,1,1734359555,16107,24,12,16,1,351,16,16
213688169,2,2,33,33,1,1,1,1734359555,16107,24,12,16,1,351,16,17
213688169,2,2,33,33,1,1,1,1734359555,16107,24,12,16,1,351,16,18
213688169,2,2,33,33,1,1,1,1734359555,16107,24,12,16,1,351,16,19
213688169,2,2,33,33,1,1,1,1734359555,16107,24,12,16,1,351,16,20
213688169,2,2,33,33,1,1,1,1734359555,16107,24,12,16,1,351,16,21
213688169,2,2,33,33,1,1,1,1734359555,16107,24,12,16,1,351,16,22
213688169,2,2,33,33,1,1,1,1734359555,16107,24,12,16,1,351,16,23
213688169,2,2,33,33,1,1,1,1734359555,16107,24,12,16,1,351,16,24
213688169,2,2,33,33,1,1,1,1734359555,16107,24,12,16,1,351,16,25
213688169,3,3,32,32,1,1,1,1734359555,16107,24,12,16,1,351,16,26
213688169,3,3,32,32,1,1,1,1734359555,16107,24,12,16,1,351,16,27
213688169,3,3,32,32,1,1,1,1734359555,16107,24,12,16,1,351,16,28
213688169,3,3,32,32,1,1,1,1734359555,16107,24,12,16,1,351,16,29
213688169,3,3,32,32,1,1,1,1734359555,16107,24,12,16,1,351,16,30
213688169,3,3,32,32,1,1,1,1734359555,16107,24,12,16,1,351,16,31
213688169,3,3,32,32,1,1,1,1734359555,16107,24,12,16,1,351,16,32
213688169,3,3,32,32,1,1,1,1734359555,16107,24,12,16,1,351,16,33
213688169,3,3,32,32,1,1,1,1734359555,16107,24,12,16,1,351,16,34
213688169,4,4,31,31,1,1,1,1734359555,16107,24,12,16,1,351,16,35
213688169,5,5,30,30,1,1,1,1734359555,16107,24,12,16,1,351,16,36
213688169,5,5,30,30,1,1,1,1734359555,16107,24,12,16,1,351,16,37
213688169,5,5,30,30,1,1,1,1734359555,16107,24,12,16,1,351,16,38
213688169,5,5,30,30,1,1,1,1734359555,16107,24,12,16,1,351,16,39
213688169,5,5,30,30,1,1,1,1734359555,16107,24,12,16,1,351,16,40
213688169,5,5,30,30,1,1,1,1734363247,16107,24,12,16,1,351,16,41
213688169,5,5,30,30,1,1,1,1734363247,16107,24,12,16,1,351,16,42
213688169,6,6,29,29,1,1,1,1734363247,16107,24,12,16,1,351,16,43
213688169,6,6,29,29,1,1,1,1734363247,16107,24,12,16,1,351,16,44
213688169,6,6,29,29,1,1,1,1734363247,16107,24,12,16,1,351,16,45
213688169,6,6,29,29,1,1,1,1734363247,16107,24,12,16,1,351,16,46
213688169,7,7,28,28,1,1,1,1734363247,16107,24,12,16,1,351,16,47
213688169,8,8,27,27,1,1,1,1734363247,16107,24,12,16,1,351,16,48
213688169,8,8,27,27,1,1,1,1734363247,16107,24,12,16,1,351,16,49
213688169,8,8,27,27,1,1,1,1734363247,16107,24,12,16,1,351,16,50
213688169,8,8,27,27,1,1,1,1734363247,16107,24,12,16,1,351,16,51
213688169,8,8,27,27,1,1,1,1734363247,16107,24,12,16,1,351,16,52
213688169,9,9,26,26,1,1,1,1734363247,16107,24,12,16,1,351,16,53
213688169,9,9,26,26,1,1,1,1734363247,16107,24,12,16,1,351,16,54
213688169,9,9,26,26,1,1,1,1734363247,16107,24,12,16,1,351,16,55
213688169,9,9,26,26,1,1,1,1734363247,16107,24,12,16,1,351,16,56
213688169,9,9,26,26,1,1,1,1734363247,16107,24,12,16,1,351,16,57
213688169,9,9,26,26,1,1,1,1734363247,16107,24,12,16,1,351,16,58
213688169,9,9,26,26,1,1,1,1734363247,16107,24,12,16,1,351,16,59
213688169,11,11,24,24,1,1,1,1734363247,16107,24,12,16,1,351,17,0
213688169,11,11,24,24,1,1,1,1734363247,16107,24,12,16,1,351,17,1
213688169,11,11,24,24,1,1,1,1734363247,16107,24,12,16,1,351,17,2
